{"transaction_id": "d86e7a68-2da5-47fd-b21e-9dda686e5142", "account_id": 1506, "transaction_date": "2021-08-18T09:30:21.379Z", "run_id": null, "settings": {"watchlist3_0_settings": {
  "searchId": 259780749,
  "dobAndName": true,
  "dobTolerance": null,
  "dobMatchLogic": "one_year_radius_yyyy_mm_dd",
  "fuzzinessTolerance": 0.5,
  "screeningCategory": [
    "adverse-media",
    "sanction",
    "warning",
    "pep",
    "fitness-probity"
  ],
  "limit": 10,
  "country": [],
  "monitoring": false,
  "sourceNameSet": []
}},"matches": {
  "Monaco Economic Sanctions": [
    {
      "entityId": "ZaP+/U4Qa988GWgiDypuwFL4jOH5G1Y",
      "matchFields": [
        "nameExact",
        "dobExact"
      ],
      "sourceUrls": [
        "https://journaldemonaco.gouv.mc/content/search/(offset)/60?SearchText=%22gel+de+fonds%22+%22sanctions+%C3%A9conomiques%22&sort=published_desc&page_limit=60&start=&end="
      ],
      "comments": {
        "relatedURL": [
          "https://journaldemonaco.gouv.mc/Journaux/2016/Journal-8271/Arrete-Ministeriel-n-2016-229-du-24-mars-2016-modifiant-l-arrete-ministeriel-n-2014-374-du-10-juillet-2014-portant-application-de-l-ordonnance-souveraine-n-1.675-du-10-juin-2008-relative-aux-procedures-de-gel-des-fonds-mettant-en-oeuvre-des-sanctions-ec"
        ],
        "designationDate": [
          "2016-04-01 00:00:00"
        ],
        "name": [
          "Joseph Kony"
        ],
        "amendedOn": [
          "2017-06-23 00:00:00"
        ],
        "dateOfBirth": [
          "1965",
          "1964-09-18",
          "1963-04-30",
          "1963-04-01",
          "1963",
          "1961-08-31",
          "1961-08-01",
          "1961-07-31",
          "1961-07-01",
          "1961",
          "1961-01-01",
          "1960",
          "1959"
        ],
        "reason": [
          "Joseph Kony a été inscrit sur la liste le 7 mars 2016 en application des dispositions du paragraphe 12 et du paragraphe 13, points b), c) et d), de la résolution 2262 (2016) pour s'être livré ou avoir apporté un appui à des actes qui compromettent la paix, la stabilité ou la sécurité en République centrafricaine ; pour y avoir préparé, donné l'ordre de commettre ou commis des actes contraires au droit international des droits de l'homme ou au droit international humanitaire ou constituant des atteintes aux droits de l'homme ou des violations de ces droits, notamment des violences sexuelles, attaques dirigées contre des civils, attentats à motivation ethnique ou religieuse, attentats commis contre des écoles et des hôpitaux, enlèvements et déplacements forcés ; pour avoir recruté ou utilisé des enfants dans le conflit armé du pays, en violation du droit international ; et pour avoir apporté un appui à des groupes armés ou à des réseaux criminels par l'exploitation illégale ou le trafi ..."
        ],
        "originalPlaceOfBirthText": [
          "Village de Palaro, commune de Palaro, comté d'Omoro, district de Gulu, Ouganda ; b) Odek, Omoro, Gulu, Ouganda ; c) Atiak, Ouganda"
        ],
        "aka": [
          "Le Messie sanglant",
          "Kony Joseph",
          "Joseph Kony",
          "Kony",
          "Josef Kony",
          "Joseph Rao Kony"
        ],
        "otherInformation": [
          "Kony est le fondateur et dirigeant de l'Armée de résistance du Seigneur (LRA) (CFe.002). Sous son autorité, la LRA a enlevé, tué et mutilé des milliers de civils dans toute l'Afrique centrale. La LRA est responsable de l'enlèvement, du déplacement, de la soumission à des violences sexuelles et de l'assassinat de centaines de personnes partout en République centrafricaine, et a pillé et détruit des biens appartenant à des civils. Le nom du père de Kony est Luizi Obol. Le nom de sa mère est Nora Obol."
        ],
        "designationAct": [
          "Arrêté Ministériel n° 2016-229 du 24 mars 2016 modifiant l'arrêté ministériel n° 2014-374 du 10 juillet 2014 portant application de l'ordonnance souveraine n° 1.675 du 10 juin 2008 relative aux procédures de gel des fonds mettant en œuvre des sanctions économiques, visant la République Centrafricaine"
        ],
        "function": [
          "Commandant de l'Armée de résistance du Seigneur"
        ],
        "address": [
          "a) Vakaga, République centrafricaine ; b) Haute-Kotto, République centrafricaine ; c) Basse-Kotto, République centrafricaine ; d) Haut-Mbomou, République centrafricaine ; e) Mbomou, République centrafricaine ; f) Haut-Uolo, République démocratique du Congo ; g) Bas-Uolo, République démocratique du Congo ; h) [adresse déclarée : Kafia Kingi (territoire situé à la frontière entre le Soudan et le Soudan du Sud dont le statut final reste à déterminer). En janvier 2015, 500 éléments de l'Armée de résistance du Seigneur auraient été expulsés du Soudan]."
        ],
        "offense": [
          "Sanction"
        ],
        "placeOfBirth": [
          "Uganda"
        ]
      }
    }
  ],
  "Switzerland SECO List": [
    {
      "entityId": "ZaP+/U4Qa988HHxcZTsFuTaBnuuXfzk",
      "matchFields": [
        "akaExact",
        "dobExact"
      ],
      "sourceUrls": [
        "https://www.seco.admin.ch/seco/en/home/Aussenwirtschaftspolitik_Wirtschaftliche_Zusammenarbeit/Wirtschaftsbeziehungen/exportkontrollen-und-sanktionen/sanktionen-embargos.html"
      ],
      "comments": {
        "program": [
          "Ordinance of 14 March 2014 on measures against the Central African Republic (RS 946.231.123.6), annex"
        ],
        "designationDate": [
          "2016-03-07"
        ],
        "sanctionType": [
          "art. 2, para. 1 let. a (Financial sanctions) et art. 4, para. 1 (Travel ban)"
        ],
        "name": [
          "Le Messie sanglant"
        ],
        "originalCountryText": [
          "Congo DR",
          "Central African Republic"
        ],
        "lowQualityAlias": [
          "Le Messie sanglant"
        ],
        "dateOfBirth": [
          "1965",
          "1964-09-18",
          "1963-04-30",
          "1963-04-01",
          "1963",
          "1961-08-31",
          "1961-08-01",
          "1961-07-31",
          "1961-07-01",
          "1961",
          "1961-01-01",
          "1960",
          "1959"
        ],
        "country": [
          "Congo",
          "Central African Republic"
        ],
        "listingOrigin": [
          "UN"
        ],
        "originalPlaceOfBirthText": [
          "Odek, Omoro, Gulu, Uganda",
          "Atyak, Uganda",
          "Palaro Village, Palaro Parish, Omoro County, Gulu District, Uganda"
        ],
        "aka": [
          "Kony Josef",
          "Le Messie sanglant",
          "Kony Joseph",
          "Dzhozef Koni",
          "Джозеф Кони",
          "Joseph Konny",
          "Josephy Kony",
          "Joseph Konys",
          "Le Messie Sanglant",
          "Joseph Kony",
          "Kony Joseph Rao",
          "Kony",
          "Joseph R. Kony",
          "Josef Kony",
          "Joseph Rao Kony"
        ],
        "otherInformation": [
          "Kony is the founder and leader of the Lord's Resistance Army (LRA) (CFe.002, SSID 34021). Under his leadership, the LRA has engaged in the abduction, killing, and mutilation of thousands of civilians across Central Africa. The LRA has been responsible for kidnapping, displacing, committing sexual violence against, and killing hundreds of individuals across CAR, and has looted and destroyed civilian property.",
          "Father's name is Luizi Obol. Mother's name is Nora Obol.",
          "Designation: Commander of the Lord's Resistance Army"
        ],
        "nationality": [
          "Uganda"
        ],
        "address": [
          "Vakaga, Central African Republic",
          "Mbomou, Central African Republic",
          "Kafia Kingi",
          "Haute-Kotto, Central African Republic",
          "Haut-Uolo, Congo DR",
          "Haut-Mbomou, Central African Republic",
          "Basse-Kotto, Central African Republic",
          "Bas-Uolo, Congo DR"
        ],
        "offense": [
          "Sanction"
        ],
        "title": [
          "General"
        ],
        "placeOfBirth": [
          "Uganda"
        ]
      }
    }
  ],
  "Ukraine State Financial Monitoring Black List": [
    {
      "entityId": "ZaP+/U4Qa988HHxcZTsFuTaBnuuXfzk",
      "matchFields": [
        "akaExact",
        "dobExact"
      ],
      "sourceUrls": [
        "https://fiu.gov.ua/en/pages/dijalnist/protidija-terorizmu/perelik-teroristiv"
      ],
      "comments": {
        "program": [
          "Резолюція РБ ООН 2127 (2013)"
        ],
        "designationDate": [
          "2016-03-16"
        ],
        "name": [
          "Le Messie sanglant"
        ],
        "originalCountryText": [
          "South Sudan",
          "Sudan",
          "Congo",
          "Central African Republic"
        ],
        "lowQualityAlias": [
          "Le Messie sanglant"
        ],
        "dateOfBirth": [
          "1965",
          "1964-09-18",
          "1963",
          "1961",
          "1961-01-01",
          "1960",
          "1959"
        ],
        "country": [
          "South Sudan",
          "Sudan",
          "Congo",
          "Central African Republic"
        ],
        "originalPlaceOfBirthText": [
          "Odek, Omoro, Gulu, Uganda",
          "Atyak, Uganda",
          "Palaro Village, Palaro Parish, Omoro County, Gulu District, Uganda"
        ],
        "aka": [
          "Kony Josef",
          "Le Messie sanglant",
          "Kony Joseph",
          "Dzhozef Koni",
          "Джозеф Кони",
          "Joseph Konny",
          "Josephy Kony",
          "Joseph Konys",
          "Le Messie Sanglant",
          "Joseph Kony",
          "Kony Joseph Rao",
          "Kony",
          "Joseph R. Kony",
          "Josef Kony",
          "Joseph Rao Kony"
        ],
        "otherInformation": [
          "Kony is the founder and leader of the Lord`s Resistance Army (LRA) (CFe.002). Under his leadership, the LRA has engaged in the abduction, killing, and mutilation of thousands of civilians across Central Africa. The LRA has been responsible for kidnapping, displacing, committing sexual violence against, and killing hundreds of individuals across CAR, and has looted and destroyed civilian property. Father`s name is Luizi Obol. Mother`s name is Nora Obol. Commander of the Lord`s Resistance Army"
        ],
        "function": [
          "General"
        ],
        "nationality": [
          "Uganda"
        ],
        "address": [
          "Vakaga, Central African Republic",
          "Reported address: Kafia Kingi (a territory on the border of Sudan and South Sudan whose final status has yet to be determined). As of January 2015, 500 Lord's Resistance Army elements were reportedly expelled from the Sudan",
          "Mbomou, Central African Republic",
          "Haute-Kotto, Central African Republic",
          "Haut-Uolo, Democratic Republic of the Congo",
          "Haut-Mbomou, Central African Republic",
          "Basse-Kotto, Central African Republic",
          "Bas-Uolo, Democratic Republic of the Congo"
        ],
        "offense": [
          "Sanction"
        ],
        "placeOfBirth": [
          "Uganda"
        ]
      }
    }
  ],
  "France Tresor Direction Generale Liste Unique de Gels": [
    {
      "entityId": "ZaP+/U4Qa988HHxcZTsFuTaBnuuXfzk",
      "matchFields": [
        "akaExact",
        "dobExact"
      ],
      "sourceUrls": [
        "https://gels-avoirs.dgtresor.gouv.fr/"
      ],
      "comments": {
        "relatedURL": [
          "https://gels-avoirs.dgtresor.gouv.fr/List"
        ],
        "name": [
          "Le Messie sanglant"
        ],
        "originalCountryText": [
          "RÉPUBLIQUE DÉMOCRATIQUE DU CONGO",
          "RÉPUBLIQUE CENTRAFRICAINE"
        ],
        "dateOfBirth": [
          "1965",
          "1964-09-18",
          "1964-04-01",
          "1964-04-30",
          "1963",
          "1961-08-31",
          "1961-08-01",
          "1961-07-31",
          "1961-07-01",
          "1961",
          "1961-01-01",
          "1960",
          "1959"
        ],
        "country": [
          "Congo",
          "Central African Republic"
        ],
        "reason": [
          "En janvier 2015, 500 éléments de la LRA auraient été expulsés du Soudan - Est le fondateur et le chef du Lord's Resistance Army qui, sous son autorité, a enlevé, tué et mutilé des milliers de civils dans toute l'Afrique centrale. La LRA a enlevé, déplacé, soumis à des violences sexuelles et tué des centaines de personnes en République centrafricaine - elle a en outre pillé et détruit des biens appartenant à des civils. Le nom du père de Kony est Luizi Obol, celui de sa mère est Nora Obol"
        ],
        "originalPlaceOfBirthText": [
          "village de Palaro, commune de Palaro, comté d'Omoro, district de Gulu, OUGANDA",
          "Atyak, OUGANDA",
          "Odek, Omoro, Gulu, OUGANDA"
        ],
        "aka": [
          "Kony Josef",
          "Le Messie sanglant",
          "Kony Joseph",
          "Dzhozef Koni",
          "Джозеф Кони",
          "Joseph Konny",
          "Josephy Kony",
          "Joseph Konys",
          "Le Messie Sanglant",
          "Joseph Kony",
          "Kony Joseph Rao",
          "Kony",
          "Joseph R. Kony",
          "Josef Kony",
          "Joseph Rao Kony"
        ],
        "designationAct": [
          "Décision du comité des sanctions des Nations Unies du 07/03/2016 (ONU République centrafricaine - RCSNU 2127 (2013) et R (UE) 224/2014)",
          "(UE) 2017/906 du 29/05/2017 (ONU République centrafricaine - RCSNU 2127 (2013) et R (UE) 224/2014)",
          "(UE) 2016/354 du 11/03/2016 (ONU République centrafricaine - RCSNU 2127 (2013) et R (UE) 224/2014)"
        ],
        "nationality": [
          "Uganda"
        ],
        "address": [
          "Vakaga, RÉPUBLIQUE CENTRAFRICAINE",
          "Mbomou, RÉPUBLIQUE CENTRAFRICAINE",
          "Kafia Kingi (territoire situé à la frontière entre le Soudan et le Soudan du Sud dont le statut final reste à déterminer)",
          "Haute-Kotto, RÉPUBLIQUE CENTRAFRICAINE",
          "Haut-Uolo, RÉPUBLIQUE DÉMOCRATIQUE DU CONGO",
          "Haut-Mbomou, RÉPUBLIQUE CENTRAFRICAINE",
          "Basse-Kotto, RÉPUBLIQUE CENTRAFRICAINE",
          "Bas-Uolo, RÉPUBLIQUE DÉMOCRATIQUE DU CONGO"
        ],
        "offense": [
          "Sanction"
        ],
        "title": [
          "Commandant du Lord's Resistance Army (l'Armée de résistance du Seigneur)"
        ],
        "legalBasis": [
          "EU.3885.38",
          "CFi.009"
        ],
        "placeOfBirth": [
          "Uganda"
        ]
      }
    }
  ],
  "EU External Action Service - Consolidated list of Sanctions": [
    {
      "entityId": "ZaP+/U4Qa988HHxcZTsFuTaBnuuXfzk",
      "matchFields": [
        "akaExact",
        "dobExact"
      ],
      "sourceUrls": [
        "https://eeas.europa.eu/headquarters/headquarters-homepage_en/8442/Consolidated%20list%20of%20sanctions"
      ],
      "comments": {
        "program": [
          "CAF"
        ],
        "relatedURL": [
          "http://eur-lex.europa.eu/legal-content/EN/TXT/PDF/?uri=CELEX:32017R0906&from=EN"
        ],
        "designationDate": [
          "07-03-2016"
        ],
        "name": [
          "Le Messie sanglant"
        ],
        "originalCountryText": [
          "CONGO, Democratic Republic of (was Zaire)",
          "CENTRAL AFRICAN REPUBLIC"
        ],
        "listingId": [
          "EU.3885.38"
        ],
        "amendedOn": [
          "2017-05-30"
        ],
        "dateOfBirth": [
          "1965",
          "1964-09-18",
          "1963",
          "1961",
          "1961-01-01",
          "1960",
          "1959"
        ],
        "country": [
          "Congo",
          "Central African Republic"
        ],
        "originalPlaceOfBirthText": [
          "Odek, Omoro, Gulu, UGANDA",
          "Atyak, UGANDA",
          "Omoro County, Gulu District, Palaro Village, Palaro Parish, UGANDA"
        ],
        "aka": [
          "Kony Josef",
          "Le Messie sanglant",
          "Kony Joseph",
          "Dzhozef Koni",
          "Джозеф Кони",
          "Joseph Konny",
          "Josephy Kony",
          "Joseph Konys",
          "Le Messie Sanglant",
          "Joseph Kony",
          "Kony Joseph Rao",
          "Kony",
          "Joseph R. Kony",
          "Josef Kony",
          "Joseph Rao Kony"
        ],
        "designationAct": [
          "2017/906 (OJ L139)"
        ],
        "function": [
          "Commander of the Lord's Resistance Army"
        ],
        "nationality": [
          "Uganda"
        ],
        "address": [
          "Vakaga, CENTRAL AFRICAN REPUBLIC",
          "Mbomou, CENTRAL AFRICAN REPUBLIC",
          "Kafia Kingi. (a territory on the border of Sudan and South Sudan whose final status has yet to be determined)",
          "Haute-Kotto, CENTRAL AFRICAN REPUBLIC",
          "Haut-Uolo, CONGO, Democratic Republic of (was Zaire)",
          "Haut-Mbomou, CENTRAL AFRICAN REPUBLIC",
          "Basse-Kotto, CENTRAL AFRICAN REPUBLIC",
          "Bas-Uolo, CONGO, Democratic Republic of (was Zaire)"
        ],
        "offense": [
          "Sanction"
        ],
        "issuingAuthority": [
          "European Union"
        ],
        "placeOfBirth": [
          "Uganda"
        ]
      }
    }
  ],
  "United Kingdom HM Treasury Office of Financial Sanctions Implementation Consolidated List": [
    {
      "entityId": "ZaP+/U4Qa988HHxcZTsFuTaBnuuXfzk",
      "matchFields": [
        "akaExact",
        "dobExact"
      ],
      "sourceUrls": [
        "https://www.gov.uk/government/publications/financial-sanctions-consolidated-list-of-targets"
      ],
      "comments": {
        "program": [
          "Central African Republic"
        ],
        "designationDate": [
          "2016-03-12"
        ],
        "name": [
          "Le Messie sanglant"
        ],
        "originalCountryText": [
          "Democratic Republic of the Congo",
          "Central African Republic"
        ],
        "listingId": [
          "13344"
        ],
        "amendedOn": [
          "01/02/2021"
        ],
        "dateOfBirth": [
          "1965",
          "1964-09-18",
          "1963-04-30",
          "1963-04-01",
          "1963",
          "1961-08-31",
          "1961-08-01",
          "1961-07-31",
          "1961-07-01",
          "1961",
          "1961-01-01",
          "1960",
          "1959"
        ],
        "country": [
          "Congo",
          "Central African Republic"
        ],
        "originalPlaceOfBirthText": [
          "(1) Palaro Village, Palaro Parish, Omoro County, Gulu District (2) Odek, Omoro, Gulu (3) Atyak, Uganda"
        ],
        "passport": [
          "Uganda Passport."
        ],
        "aka": [
          "Kony Josef",
          "Le Messie sanglant",
          "Kony Joseph",
          "Dzhozef Koni",
          "Джозеф Кони",
          "Joseph Konny",
          "Josephy Kony",
          "Joseph Konys",
          "Le Messie Sanglant",
          "Joseph Kony",
          "Kony Joseph Rao",
          "Kony",
          "Joseph R. Kony",
          "Josef Kony",
          "Joseph Rao Kony"
        ],
        "otherInformation": [
          "(UK Sanctions List Ref):CAF0010 (UN Ref): CFi.009. Also known as the 'Le Messie sanglant' and 'Kony'. (Further Identifiying Information):Kony is the founder and leader of the Lord's Resistance Army (LRA) (CFe.002). Under his leadership, the LRA has engaged in the abduction, killing, and mutilation of thousands of civilians across Central Africa. The LRA has been responsible for kidnapping, displacing, committing sexual violence against, and killing hundreds of individuals across CAR, and has looted and destroyed civilian property. Father's name is Luizi Obol. Mother's name is Nora Obol. INTERPOL-UN Security Council Special Notice web link: https://www.interpol.int/en/How-we-work/Notices/View-UN-Notices-Individuals click here."
        ],
        "function": [
          "Commander of the Lord's Resistance Army"
        ],
        "address": [
          "Vakaga",
          "Mbomou",
          "Kafia Kingi (on the Sudan-South Sudan border)",
          "Haute-Kotto",
          "Haut-Uolo",
          "Haut-Mbomou",
          "Basse-Kotto",
          "Bas-Uolo"
        ],
        "offense": [
          "Sanction"
        ],
        "placeOfBirth": [
          "Uganda"
        ]
      }
    }
  ],
  "DFAT Australia Consolidated Sanctions List": [
    {
      "entityId": "ZaP+/U4Qa988HHxcZTsFuTaBnuuXfzk",
      "matchFields": [
        "akaExact",
        "dobExact"
      ],
      "sourceUrls": [
        "https://www.dfat.gov.au/international-relations/security/sanctions/Pages/consolidated-list.aspx"
      ],
      "comments": {
        "program": [
          "2127 (Central African Republic)"
        ],
        "designationDate": [
          "2016-03-07"
        ],
        "name": [
          "Le Messie sanglant"
        ],
        "originalCountryText": [
          "Central African Republic, Uganda"
        ],
        "dateOfBirth": [
          "1965",
          "1964-09-18",
          "1963-04-30",
          "1963-04-01",
          "1963",
          "1961-08-31",
          "1961-08-01",
          "1961-07-31",
          "1961-07-01",
          "1961",
          "1961-01-01",
          "1960",
          "1959"
        ],
        "country": [
          "Uganda",
          "Central African Republic"
        ],
        "originalPlaceOfBirthText": [
          "a) Palaro Village, Palaro Parish, Omoro County, Gulu District, Uganda; b) Odek, Omoro, Gulu, Uganda c) Atyak, Uganda"
        ],
        "aka": [
          "Kony Josef",
          "Le Messie sanglant",
          "Kony Joseph",
          "Dzhozef Koni",
          "Джозеф Кони",
          "Joseph Konny",
          "Josephy Kony",
          "Joseph Konys",
          "Le Messie Sanglant",
          "Joseph Kony",
          "Kony Joseph Rao",
          "Kony",
          "Joseph R. Kony",
          "Josef Kony",
          "Joseph Rao Kony"
        ],
        "otherInformation": [
          "Title: General. Designation: Commander of the Lord's Resistance Army. Kony is the founder and leader of the Lord's Resistance Army (LRA) (CFe.002). Under his leadership, the LRA has engaged in the abduction, killing, and mutilation of thousands of civilians across Central Africa. The LRA has been responsible for kidnapping, displacing, committing sexual violence against, and killing hundreds of individuals across CAR, and has looted and destroyed civilian property. Father's name is Luizi Obol. Mother's name is Nora Obol."
        ],
        "function": [
          "Commander of the Lord's Resistance Army"
        ],
        "nationality": [
          "Uganda"
        ],
        "address": [
          "Vakaga, Central African Republic",
          "Mbomou, Central African Republic",
          "Haute-Kotto, Central African Republic",
          "Haut-Uolo, Democratic Republic of the Congo",
          "Haut-Mbomou, Central African Republic",
          "Basse-Kotto, Central African Republic",
          "Bas-Uolo, Democratic Republic of the Congo",
          "(Reported address: Kafia Kingi (a territory on the border of Sudan and South Sudan whose final status has yet to be determined). As of January 2015, 500 Lord's Resistance Army elements were reportedly expelled from the Sudan.)"
        ],
        "offense": [
          "Sanction"
        ],
        "placeOfBirth": [
          "Uganda"
        ]
      }
    }
  ],
  "Belarus State Security Agency List of Organizations and Individuals Involved in Terrorist Activities": [
    {
      "entityId": "ZaP+/U4Qa988HHxcZTsFuTaBnuuXfzk",
      "matchFields": [
        "akaExact",
        "dobExact"
      ],
      "sourceUrls": [
        "http://kgb.by/ru/perechen-inf-ru/"
      ],
      "comments": {
        "name": [
          "Le Messie sanglant"
        ],
        "originalCountryText": [
          "Центральноафриканская Республика"
        ],
        "dateOfBirth": [
          "1965",
          "1964-09-18",
          "1963",
          "1961",
          "1961-01-01",
          "1960",
          "1959"
        ],
        "country": [
          "Central African Republic"
        ],
        "reason": [
          "Санкционный перечень Комитета Совета Безопасности ООН, учрежденный резолюцией 2127 (2013)."
        ],
        "aka": [
          "Kony Josef",
          "Le Messie sanglant",
          "Kony Joseph",
          "Dzhozef Koni",
          "Джозеф Кони",
          "Joseph Konny",
          "Josephy Kony",
          "Joseph Konys",
          "Le Messie Sanglant",
          "Joseph Kony",
          "Kony Joseph Rao",
          "Kony",
          "Joseph R. Kony",
          "Josef Kony",
          "Joseph Rao Kony"
        ],
        "otherInformation": [
          "Кони является основателем и лидером «Армии сопротивления Бога» (ЛРА) (CFe.002). ЛРА, руководимая Кони, причастна к похищению, убийству и калечению тысяч гражданских лиц на всей территории центральной части Африки. Боевики ЛРА несут ответственность за похищение, перемещение, изнасилование и убийство сотен людей на всей территории ЦАР и продолжают разграблять и уничтожать имущество гражданских лиц. Имя отца: Луизи Оболь. Имя матери: Нора Оболь. Ссылка на веб-ресурс \"Специальные уведомления Интерпола - Совета Безопасности ООН\": https://www.interpol.int/en/How-we-work/Notices/View-UN-Notices-Individual"
        ],
        "address": [
          "a) cтрана: Центральноафриканская Республика; город: Вакага; b) cтрана: Центральноафриканская Республика; город: Верхнее Котто; c) cтрана: Центральноафриканская Республика; город: Нижнее Котто; d) cтрана: Центральноафриканская Республика; город: Верхнее Мбому; e) cтрана: Центральноафриканская Республика; город: Мбому; f) cтрана: Демократическая Республика Конго; город: Верхнее Уоло; g) cтрана: Демократическая Республика Конго; город: Нижнее Уоло; h) Предположительное местонахождение: Кафия-Кинги (территория на границе между Суданом и Южным Суданом, окончательный статус которой еще не определен). По состоянию на январь 2015 года 500 человек из состава «Армии сопротивления Бога» были, по сообщениям, вытеснены из Судана."
        ],
        "offense": [
          "Sanction"
        ]
      }
    }
  ],
  "OFAC SDN List": [
    {
      "entityId": "ZaP+/U4Qa988HHxcZTsFuTaBnuuXfzk",
      "matchFields": [
        "akaExact",
        "dobExact"
      ],
      "sourceUrls": [
        "http://www.treasury.gov/resource-center/sanctions/SDN-List/Pages/default.aspx"
      ],
      "comments": {
        "listName": [
          "SDN List"
        ],
        "program": [
          "SDGT",
          "CAR"
        ],
        "designationDate": [
          "2008-08-28"
        ],
        "sanctionType": [
          "Block"
        ],
        "name": [
          "Le Messie sanglant"
        ],
        "originalCountryText": [
          "Sudan",
          "Congo Democratic Republic of the",
          "Central African Republic"
        ],
        "listingId": [
          "OFAC-11018"
        ],
        "dateOfBirth": [
          "1965",
          "1964-09-18",
          "1963",
          "1961",
          "1960",
          "1959"
        ],
        "country": [
          "Sudan",
          "Congo",
          "Central African Republic"
        ],
        "originalPlaceOfBirthText": [
          "Odek, Omoro, Gulu, Uganda",
          "Atyak, Uganda",
          "Palaro Village, Palaro Parish, Omoro County, Gulu District, Uganda"
        ],
        "aka": [
          "Kony Josef",
          "Le Messie sanglant",
          "Kony Joseph",
          "Dzhozef Koni",
          "Джозеф Кони",
          "Joseph Konny",
          "Josephy Kony",
          "Joseph Konys",
          "Le Messie Sanglant",
          "Joseph Kony",
          "Kony Joseph Rao",
          "Kony",
          "Joseph R. Kony",
          "Josef Kony",
          "Joseph Rao Kony"
        ],
        "nationality": [
          "Uganda"
        ],
        "address": [
          "Vakaga, Central African Republic",
          "Southern Darfur, Sudan",
          "Kafia Kingi",
          "Haute-Kotto, Central African Republic",
          "Congo Democratic Republic of the"
        ],
        "offense": [
          "Sanction"
        ],
        "title": [
          "Commander of the Lord's Resistance Army"
        ],
        "legalBasis": [
          "Executive Order 13667 (CAR)",
          "Executive Order 13224 (Terrorism)"
        ],
        "placeOfBirth": [
          "Uganda"
        ],
        "gender": [
          "male"
        ]
      }
    }
  ],
  "Hong Kong Special Administrative Region Sanctions issued under the UN Sanctions Ordinance": [
    {
      "entityId": "ZaP+/U4Qa988HHxcZTsFuTaBnuuXfzk",
      "matchFields": [
        "akaExact",
        "dobExact"
      ],
      "sourceUrls": [
        "https://www.cedb.gov.hk/citb/en/policies/united-nations-security-council-sanctions.html"
      ],
      "comments": {
        "program": [
          "List of individuals and entities published under section 32 of the UN Sanctions (Central African Republilc) Regulation 2019 (Cap. 537CH) (updated on 31 May 2019)"
        ],
        "relatedURL": [
          "https://www.cedb.gov.hk/citb/doc/en/Policy_Responsibilities/CAR_List_of_TargetedFinancialSanctions_en.pdf"
        ],
        "designationDate": [
          "7 Mar. 2016"
        ],
        "name": [
          "Le Messie sanglant"
        ],
        "dateOfBirth": [
          "1965",
          "1964-09-18",
          "1963",
          "1961",
          "1961-01-01",
          "1960",
          "1959"
        ],
        "originalPlaceOfBirthText": [
          "Palaro Village,Palaro Parish, Omoro County, Gulu District, Uganda  ; Odek, Omoro, Gulu, Uganda  ; Atyak, Uganda"
        ],
        "aka": [
          "Kony Josef",
          "Le Messie sanglant",
          "Kony Joseph",
          "Dzhozef Koni",
          "Джозеф Кони",
          "Joseph Konny",
          "Josephy Kony",
          "Joseph Konys",
          "Le Messie Sanglant",
          "Joseph Kony",
          "Kony Joseph Rao",
          "Kony",
          "Joseph R. Kony",
          "Josef Kony",
          "Joseph Rao Kony"
        ],
        "otherInformation": [
          "Kony is the founder and leader of the Lord's Resistance Army (LRA) (CFe.002). Under his leadership, the LRA has engaged in the abduction, killing, and mutilation of thousands of civilians across Central Africa. The LRA has been responsible for kidnapping, displacing, committing sexual violence against, and killing hundreds of individuals across CAR, and has looted and destroyed civilian property. Father's name is Luizi Obol. Mother's name is Nora Obol."
        ],
        "nationality": [
          "Uganda"
        ],
        "address": [
          "Vakaga, Central African Republic ; Haute-Kotto, Central African Republic ; Basse-Kotto, Central African Republic ; Haut-Mbomou, Central African Republic ; Mbomou, Central African Republic ; Haut-Uolo, Democratic Republic of the Congo ; Bas-Uolo, Democratic Republic of the Congo ; Reported address : Kafia Kingi (a territory on the border of Sudan and South Sudan whose final status has yet to be determined)."
        ],
        "offense": [
          "Sanction"
        ],
        "unListingId": [
          "CFi.009"
        ],
        "placeOfBirth": [
          "Uganda"
        ]
      }
    }
  ],
  "Belgium Consolidated List of the National and European Sanctions": [
    {
      "entityId": "ZaP+/U4Qa988GWgiDypuwFL4jOH5G1Y",
      "matchFields": [
        "nameExact",
        "dobExact"
      ],
      "sourceUrls": [
        "https://finance.belgium.be/en/treasury/financial-sanctions"
      ],
      "comments": {
        "program": [
          "CAF"
        ],
        "relatedURL": [
          "http://eur-lex.europa.eu/legal-content/EN/TXT/PDF/?uri=CELEX:32017R0906&from=EN"
        ],
        "designationDate": [
          "2016-03-07"
        ],
        "name": [
          "Joseph Kony"
        ],
        "originalCountryText": [
          "CONGO, Democratic Republic of (was Zaire)",
          "CENTRAL AFRICAN REPUBLIC"
        ],
        "listingId": [
          "EU.3885.38"
        ],
        "dateOfBirth": [
          "1965",
          "1964-09-18",
          "1963",
          "1961",
          "1961-01-01",
          "1960",
          "1959"
        ],
        "country": [
          "Congo",
          "Central African Republic"
        ],
        "originalPlaceOfBirthText": [
          "Odek, Omoro, Gulu, UGANDA",
          "Atyak, UGANDA",
          "Omoro County, Gulu District, Palaro Village, Palaro Parish, UGANDA"
        ],
        "aka": [
          "Le Messie sanglant",
          "Kony Joseph",
          "Joseph Kony",
          "Kony",
          "Josef Kony",
          "Joseph Rao Kony"
        ],
        "designationAct": [
          "2017/906 (OJ L139)"
        ],
        "function": [
          "Commander of the Lord's Resistance Army"
        ],
        "nationality": [
          "Uganda"
        ],
        "address": [
          "Vakaga, CENTRAL AFRICAN REPUBLIC",
          "Mbomou, CENTRAL AFRICAN REPUBLIC",
          "Kafia Kingi",
          "Haute-Kotto, CENTRAL AFRICAN REPUBLIC",
          "Haut-Uolo, CONGO, Democratic Republic of (was Zaire)",
          "Haut-Mbomou, CENTRAL AFRICAN REPUBLIC",
          "Basse-Kotto, CENTRAL AFRICAN REPUBLIC",
          "Bas-Uolo, CONGO, Democratic Republic of (was Zaire)"
        ],
        "offense": [
          "Sanction"
        ],
        "placeOfBirth": [
          "Uganda"
        ]
      }
    }
  ],
  "United Nations Consolidated": [
    {
      "entityId": "ZaP+/U4Qa988HHxcZTsFuTaBnuuXfzk",
      "matchFields": [
        "akaExact",
        "dobExact"
      ],
      "sourceUrls": [
        "https://scsanctions.un.org/consolidated/"
      ],
      "comments": {
        "program": [
          "CAR"
        ],
        "relatedURL": [
          "https://www.un.org/securitycouncil/content/un-sc-consolidated-list"
        ],
        "designationDate": [
          "2016-03-07"
        ],
        "name": [
          "Le Messie sanglant"
        ],
        "originalCountryText": [
          "Democratic Republic of the Congo",
          "Central African Republic"
        ],
        "lowQualityAlias": [
          "Le Messie sanglant"
        ],
        "dateOfBirth": [
          "1965",
          "1964-09-18",
          "1963",
          "1961",
          "1961-01-01",
          "1960",
          "1959"
        ],
        "country": [
          "Congo",
          "Central African Republic"
        ],
        "originalPlaceOfBirthText": [
          "Palaro Village, Palaro Parish, Omoro County, Gulu District, Uganda, Odek, Omoro, Gulu, Uganda, Atyak, Uganda"
        ],
        "aka": [
          "Kony Josef",
          "Le Messie sanglant",
          "Kony Joseph",
          "Dzhozef Koni",
          "Джозеф Кони",
          "Joseph Konny",
          "Josephy Kony",
          "Joseph Konys",
          "Le Messie Sanglant",
          "Joseph Kony",
          "Kony Joseph Rao",
          "Kony",
          "Joseph R. Kony",
          "Josef Kony",
          "Joseph Rao Kony"
        ],
        "otherInformation": [
          "Kony is the founder and leader of the Lord's Resistance Army (LRA) (CFe.002). Under his leadership, the LRA has engaged in the abduction, killing, and mutilation of thousands of civilians across Central Africa. The LRA has been responsible for kidnapping, displacing, committing sexual violence against, and killing hundreds of individuals across CAR, and has looted and destroyed civilian property. Father's name is Luizi Obol. Mother's name is Nora Obol. INTERPOL-UN Security Council Special Notice web link: https://www.interpol.int/en/How-we-work/Notices/View-UN-Notices-Individuals"
        ],
        "function": [
          "Commander of the Lord's Resistance Army"
        ],
        "nationality": [
          "Uganda"
        ],
        "address": [
          "Vakaga, Central African Republic",
          "Reported address: Kafia Kingi, (a territory on the border of Sudan and South Sudan whose final status has yet to be determined). As of January 2015, 500 Lord's Resistance Army elements were reportedly expelled from the Sudan.",
          "Mbomou, Central African Republic",
          "Haute-Kotto, Central African Republic",
          "Haut-Uolo, Democratic Republic of the Congo",
          "Haut-Mbomou, Central African Republic",
          "Basse-Kotto, Central African Republic",
          "Bas-Uolo, Democratic Republic of the Congo"
        ],
        "offense": [
          "Sanction"
        ],
        "issuingAuthority": [
          "United Nations"
        ],
        "unListingId": [
          "CFi.009"
        ],
        "title": [
          "General"
        ],
        "placeOfBirth": [
          "Uganda"
        ]
      }
    }
  ],
  "South Africa Targeted Financial Sanctions List persons": [
    {
      "entityId": "ZaP+/U4Qa988GWgiDypuwFL4jOH5G1Y",
      "matchFields": [
        "nameExact",
        "dobExact"
      ],
      "sourceUrls": [
        "https://www.fic.gov.za/International/sanctions/Pages/thelist.aspx#tool"
      ],
      "comments": {
        "program": [
          "CAR"
        ],
        "name": [
          "Joseph Kony"
        ],
        "originalCountryText": [
          "Central African Republic"
        ],
        "dateOfBirth": [
          "1965",
          "1964-09-18",
          "1963-04-30",
          "1963-04-01",
          "1963",
          "1961-08-31",
          "1961-08-01",
          "1961-07-31",
          "1961-07-01",
          "1961",
          "1961-01-01",
          "1960",
          "1959"
        ],
        "country": [
          "Central African Republic"
        ],
        "originalPlaceOfBirthText": [
          "Palaro Village  Palaro Parish  Omoro County  Gulu District   Uganda Palaro Village, Palaro Parish, Omoro County, Gulu District Uganda"
        ],
        "aka": [
          "Le Messie sanglant",
          "Kony Joseph",
          "Joseph Kony",
          "Kony",
          "Josef Kony",
          "Joseph Rao Kony"
        ],
        "otherInformation": [
          "Kony is the founder and leader of the Lord's Resistance Army (LRA) (CFe.002). Under his leadership, the LRA has engaged in the abduction, killing, and mutilation of thousands of civilians across Central Africa. The LRA has been responsible for kidnapping, displacing, committing sexual violence against, and killing hundreds of individuals across CAR, and has looted and destroyed civilian property. Father's name is Luizi Obol. Mother's name is Nora Obol. INTERPOL-UN Security Council Special Notice web link: https://www.interpol.int/en/notice/search/un/5932340"
        ],
        "nationality": [
          "Central African Republic"
        ],
        "address": [
          "Vakaga Central African Republic"
        ],
        "offense": [
          "Sanction"
        ],
        "unListingId": [
          "CFi.009"
        ],
        "placeOfBirth": [
          "Uganda"
        ]
      }
    }
  ],
  "Ministry of Finance Japan Economic Sanctions List": [
    {
      "entityId": "ZaP+/U4Qa99dfmJNCjtmwzKDgOyECzc",
      "matchFields": [
        "akaExact",
        "dobExact"
      ],
      "sourceUrls": [
        "https://www.mof.go.jp/international_policy/gaitame_kawase/gaitame/economic_sanctions/list.html"
      ],
      "comments": {
        "program": [
          "中央アフリカ共和国における平和等を損なう行為等に関与した者等(個人)"
        ],
        "relatedURL": [
          "https://www.mof.go.jp/international_policy/gaitame_kawase/gaitame/economic_sanctions/"
        ],
        "designationDate": [
          "2016-03-07"
        ],
        "name": [
          "ジョセフ・コニー"
        ],
        "lowQualityAlias": [
          "血まみれの救世主",
          "Le Messie sanglant"
        ],
        "amendedOn": [
          "2020-02-28"
        ],
        "dateOfBirth": [
          "1965",
          "1964-09-18",
          "1963",
          "1961",
          "1961-01-01",
          "1960",
          "1959"
        ],
        "originalPlaceOfBirthText": [
          "ウガンダ共和国アチャク準郡(Atyak)",
          "ウガンダ共和国グル県オモロ郡オデク準郡(Odek)",
          "ウガンダ共和国グル県(Gulu District)オモロ郡(Omoro County)パラロ教区(Palaro Parish)パラロ村"
        ],
        "aka": [
          "ジョセフ・コニー",
          "Le Messie sanglant",
          "koni",
          "血まみれの救世主",
          "Xie mamirenoJiu Shi Zhu",
          "ziyosehuraokoni",
          "Joseph Kony",
          "ziyosehukoni",
          "コニー",
          "Kony",
          "Josef Kony",
          "ジョセフ・ラオ・コニー",
          "Joseph Rao Kony"
        ],
        "otherInformation": [
          "コニーは,神の抵抗軍(LRA)(制裁対象団体リストの2番目に掲載)の創設者及び指導者である。同人の指導の下,LRAは,中部アフリカ全体で,市民数千人の拉致,殺害及び身体切断に従事している。LRAは,中央アフリカ共和国全体で,市民数百人の拉致,強制移住,性的暴力及び殺害に責任を有しており,市民の財産を略奪し,破壊している。父親の氏名はルイジ・オボル(Luizi Obol)である。母親の氏名はノラ・オボル(Nora Obol)である。同人に対するインターポール(国際警察刑事機構)・国連安全保障理事会特別手配書のウェブ・リンク:https://www.interpol.int/en/How-we-work/Notices/View-UN-Notices-Individuals"
        ],
        "function": [
          "神の抵抗軍司令官"
        ],
        "address": [
          "報告されている住所:カフィア・キンジ地域(Kafia Kingi)(最終的な地位が確定していないスーダン共和国と南スーダン共和国の国境地帯にある領域)。2015年1月時点で,神の抵抗軍500名がスーダン共和国から追放されたとの報告がある。",
          "中央アフリカ共和国ヴァカガ県(Vakaga)",
          "中央アフリカ共和国ムボムー県(Mbomou)",
          "中央アフリカ共和国バス・コット県(Basse-Kotto)",
          "中央アフリカ共和国オー・ムボムー県(Haut-Mbomou)",
          "中央アフリカ共和国オート・コット県(Haute-Kotto)",
          "コンゴ民主共和国バ・ズエレ州(Bas-Uolo)",
          "コンゴ民主共和国オー・ウエレ州(Haut-Uolo)"
        ],
        "offense": [
          "Sanction"
        ],
        "issuingAuthority": [
          "Ministry of Finance of Japan"
        ],
        "title": [
          "将軍"
        ]
      }
    }
  ]
}  }