[
  {
    "transaction_id": "0012487f-f7f9-4fd4-8f1f-4b2a9f18bd59",
    "account_id": 7425,
    "transaction_date": "2021-08-20T20:09:07.805Z",
    "environment_id": 1,
    "run_id": null,
    "module_type": "fraud",
    "model_name": "sigma",
    "model_version": "2",
    "field_validations": null,
    "score": 0.08499560713768006,
    "tetl_proc_time": "2022-09-02 02:53:54.855"
  },
  {
    "transaction_id": "0012487f-f7f9-4fd4-8f1f-4b2a9f18bd59",
    "account_id": 7425,
    "transaction_date" : "2021-08-20T20:09:07.805Z",
    "environment_id": 1,
    "run_id": null,
    "module_type": "namephonecorrelation",
    "model_name": null,
    "model_version": null,
    "field_validations": null,
    "score": 0.8349236249923706,
    "tetl_proc_time": "2022-09-02 02:53:54.855"
  },
  {
    "transaction_id": "0012487f-f7f9-4fd4-8f1f-4b2a9f18bd59",
    "account_id": 7425,
    "transaction_date" : "2021-08-20T20:09:07.805Z",
    "environment_id": 1,
    "run_id": null,
    "module_type": "kyc",
    "model_name" : null,
    "model_version": null,
    "field_validations": "firstName",
    "score": 0.99,
    "tetl_proc_time": "2022-09-02 02:53:54.855"
  }
]