{
		"transaction_id" : "14113943-5518-4519-a6d4-2bcbe8c3b62b",
		"account_id" : 6876,
		"environment_id" : true,
		"api_key" : "556b57d0-1571-4b1a-bdb5-8f16f2084ce7",
		"api_type" : 2,
		"api_version" : 30,
		"customer_user_id" : "867547904647",
		"run_id" : "10_row_load_stage_test_1",
		"status" : true,
		"error_code" : null,
		"error_msg" : null,
		"processing_time" : 1832,
		"transaction_date" : "2021-08-13T22:37:13.819Z",
		"force_refresh" : true,
		"order_channel" : "retail",
		"last_order_date" : "2001-01-02",
		"prev_order_count" : 29,
		"account_creation_date" : "2000-01-27",
		"order_amount" : 76,
		"submission_date" : "2021-04-04",
		"error_reason" : null,
		"is_consenting" : null,
		"device_session_id" : null,
		"prev_unpaid_order_count" : null,
		"user_consent" : null,
    "firstname_provided": true,"surname_provided": true,"dob_provided": true,"mobilenumber_provided": true,"nationalid_provided": true,"zip_provided": true,"email_provided": true,"ipaddress_provided ": true,"physicaladdress_provided": true,"physicaladdress2_provided": true,
		"document_uuid" : null,
    "module_alertlist": true,"module_kyc": true,"module_phonerisk": true,"module_emailrisk": true,"module_watchlistpremier": true,"module_watchlistplus": true,"module_watchliststandard": true,"module_decision": true,"module_ecbsv": true,"module_allcorrelations": true,"module_social": true,"module_documentverification": true,"module_prefill": true,"module_namephonecorrelation": true,"module_nameemailcorrelation": true,"module_nameaddresscorrelation": true,"module_devicerisk": true
	}
	{
		"transaction_id" : "a26bb64f-e9ea-4aa8-8ec6-0bd0d607a73b",
		"account_id" : 6876,
		"environment_id" : true,
		"api_key" : "556b57d0-1571-4b1a-bdb5-8f16f2084ce7",
		"api_type" : 2,
		"api_version" : 30,
		"customer_user_id" : "631597801681",
		"run_id" : "10_row_load_stage_test_1",
		"status" : true,
		"error_code" : null,
		"error_msg" : null,
		"processing_time" : 1827,
		"transaction_date" : "2021-08-13T22:37:13.823Z",
		"force_refresh" : true,
		"order_channel" : "retail",
		"last_order_date" : "2008-12-22",
		"prev_order_count" : 46,
		"account_creation_date" : "1971-04-25",
		"order_amount" : 585,
		"submission_date" : "2019-09-11",
		"error_reason" : null,
		"is_consenting" : null,
		"device_session_id" : null,
		"prev_unpaid_order_count" : null,
		"user_consent" : null,
    "firstname_provided": true,"surname_provided": true,"dob_provided": true,"mobilenumber_provided": true,"nationalid_provided": true,"zip_provided": true,"email_provided": true,
		"document_uuid" : null,
    "module_alertlist": true,"module_addressrisk": true,"module_fraud": true,"module_synthetic": true,"module_noop": true,"module_watchlistpremier": true,"module_watchlistplus": true,"module_watchliststandard": true,"module_decision": true,"module_ecbsv": true,"module_allcorrelations": true,"module_social": true,"module_documentverification": true,"module_prefill": true,"module_namephonecorrelation": true,"module_nameemailcorrelation": true,"module_nameaddresscorrelation": true,"module_devicerisk": true
	}
	{
		"transaction_id" : "fcfe15cd-f170-42a8-94c6-6cd0d76b33a5",
		"account_id" : 6876,
		"environment_id" : true,
		"api_key" : "556b57d0-1571-4b1a-bdb5-8f16f2084ce7",
		"api_type" : 2,
		"api_version" : 30,
		"customer_user_id" : "383315069684",
		"run_id" : "10_row_load_stage_test_2",
		"status" : true,
		"error_code" : null,
		"error_msg" : null,
		"processing_time" : 64,
		"transaction_date" : "2021-08-13T22:38:45.310Z",
		"force_refresh" : true,
		"order_channel" : "retail",
		"last_order_date" : "1971-11-14",
		"prev_order_count" : 53,
		"account_creation_date" : "1989-12-29",
		"order_amount" : 2049,
		"submission_date" : "2020-04-08",
		"error_reason" : null,
		"is_consenting" : null,
		"device_session_id" : null,
		"prev_unpaid_order_count" : null,
		"user_consent" : null,
    "firstname_provided": true,"surname_provided": true,"dob_provided": true,"mobilenumber_provided": true,"nationalid_provided": true,"zip_provided": true,
		"document_uuid" : null,
    "module_alertlist": true,"module_kyc": true,"module_phonerisk": true,"module_emailrisk": true,"module_addressrisk": true,"module_fraud": true,"module_synthetic": true,"module_noop": true,"module_watchlistpremier": true,"module_watchlistplus": true,"module_watchliststandard": true,"module_decision": true,"module_ecbsv": true,"module_allcorrelations": true,"module_social": true,"module_documentverification": true,"module_prefill": true,"module_namephonecorrelation": true,"module_nameemailcorrelation": true,"module_nameaddresscorrelation": true,"module_devicerisk": true
	}
