{
                "transaction_id" : "d4753283-4f4a-496a-8990-b725d048a47f",
                "i001": true, "i002": true, "i553": true, "i555": true, "i602": true, "i611": true, "i614": true, "i633": true, "i636": true, "i707": true, "r601": true, "r608": true, "r705": true,
                "account_id" : 1506,
                "run_id" : null,
                "transaction_date" : "2021-08-18T09:30:21.379Z"
        }       
{
                "transaction_id" : "d86e7a68-2da5-47fd-b21e-9dda686e5142",
                "i002": true, "i351": true, "i550": true, "i555": true, "r003": true, "r005": true, "r006": true, "r008": true, "r557": true, "r565": true, "r610": true, "r703": true,
                "account_id" : 1506,
                "run_id" : null,
                "transaction_date" : "2021-08-18T09:30:21.379Z"
        }

