{"transaction_id": "5feadce9-f647-4fb0-b2dc-ec45c9ab5f16", "account_id": 2277, "transaction_date": "2020-11-05T22:41:03.000Z", "run_id": null, "fcval_100117": "1.0", "fcval_100135": "1.0", "fmvns_email": "1.0", "fmvns_name": "1.0", "nsval_100015": "0.0", "nsval_100017": "0.0", "nsval_100020": "0.0", "nsval_100023": "0.0", "nsval_100024": "0.0", "nsval_100027": "0.0", "nsval_100028": "1.0", "nsval_100029": "0.0", "nsval_100038": "0.0", "nsval_100052": "0.0", "nsval_100053": "0.0", "nsval_100058": "0.0", "nsval_100066": "1.0", "nsval_100067": "0.0", "nsval_100068": "1.0", "nsval_100069": "0.0", "nsval_100071": "0.0", "nsval_100072": "1.0", "nsval_100073": "0.0", "nsval_100120": "0.0", "nsval_100121": "0.0", "nsval_100122": "0.0", "nsval_100123": "0.0", "nsval_100124": "0.0", "nsval_100125": "0.0", "nsval_100129": "0.0", "nsval_100132": "0.0", "nsval_100133": "0.0", "nsval_100135": "1.0", "nsval_300001": "0.0", "nsval_300002": "-1.0", "nsval_300003": "", "nsval_300004": "", "nsval_300005": "", "nsval_300006": "", "nsval_300007": "", "nsval_300008": "", "nsval_300009": "0.0", "nsval_300010": "0.0", "nsval_300011": "", "nsval_300012": "0.0", "nsval_300013": "", "nsval_300014": "", "nsval_300015": "", "nsval_300016": "", "nsval_300017": "0.0", "nsval_300018": "80.0", "nsval_300019": "1.0", "nsval_300020": "0.0", "nsval_300021": "0.0", "nsval_300022": "", "nsval_300023": "", "nsval_300024": "U", "nsval_300025": "", "nsval_300026": "0.0", "nsval_300027": "", "nsval_300028": "", "nsval_300029": "", "nsval_300030": "", "nsval_300031": "0", "nsval_300032": "1.0", "nsval_300033": "1.0", "nsval_300034": "C", "nsval_300035": "0.0", "nsval_300036": "-1.0", "nsval_300037": "0.0", "nsval_300038": "0.0", "nsval_300039": "U", "nsval_300041": "-", "nsval_300042": "JP", "wpval_100002": "0.0", "wpval_100003": "0.0", "wpval_100004": "0.0", "wpval_100007": "0.0", "wpval_100008": "0.0", "wpval_100013": "0.0", "wpval_100020": "0.0", "wpval_100021": "0.0", "wpval_100025": "0.0", "wpval_100026": "0.0", "wpval_100027": "0.0", "wpval_100030": "0.0", "wpval_100031": "0.0", "wpval_100035": "0.0", "wpval_100039": "1.0", "wpval_100048": "1.0", "wpval_100049": "0.0", "wpval_100050": "0.0", "wpval_100051": "0.0", "wpval_100052": "0.0", "wpval_100053": "0.0", "wpval_100056": "0.0", "wpval_100057": "0.0", "wpval_100060": "0.0", "wpval_100135": "1.0", "wpval_100145": "0.0", "wpval_300001": "", "wpval_300002": "false", "wpval_300014": "Invalid Input", "wpval_300039": "", "wpval_300040": "true", "wpval_300042": "true", "wpval_300043": "false", "wpval_300044": "No name found", "wpval_300045": "2020-02-07", "wpval_300046": "272.0", "wpval_300047": "2008-03-26", "wpval_300048": "4607.0", "wpval_300051": "false", "wpval_300052": "1.0", "wpval_300053": "FALSE", "wpval_300065": "272.0", "wpval_300066": "4607.0", "wpval_300067": "false", "wpval_300068": "1.0", "wpval_300069": "1.0", "wpval_300070": "1.0", "wpval_700025": "0.0", "wpval_700028": "0.0", "wpval_700047": "272.0", "wpval_700053": "0.0"}
{"transaction_id": "d86e7a68-2da5-47fd-b21e-9dda686e5142", "account_id": 1506, "transaction_date": "2021-08-18T09:30:21.379Z", "run_id": null, "fcval_100117": "1.0", "fcval_100135": "1.0", "fmvns_email": "1.0", "fmvns_mobilenumber": "0.99", "fmvns_name": "1.0", "fmvwp_email": "1.0", "fvanl_100135": "1.0", "fvanl_400003": "0.0", "ifval_100135": "1.0", "ifval_400001": "102.0", "ifval_400002": "102.0", "ifval_400004": "102.0", "nsval_100015": "0.0", "nsval_100017": "0.0", "nsval_100020": "0.0", "nsval_100023": "0.0", "nsval_100024": "0.0", "nsval_100027": "0.0", "nsval_100028": "1.0", "nsval_100029": "0.0", "nsval_100038": "0.0", "nsval_100052": "0.0", "nsval_100053": "0.0", "nsval_100058": "0.0", "nsval_100066": "1.0", "nsval_100067": "0.0", "nsval_100068": "1.0", "nsval_100069": "0.0", "nsval_100071": "1.0", "nsval_100072": "0.0", "nsval_100073": "0.0", "nsval_100120": "0.0", "nsval_100121": "0.0", "nsval_100122": "1.0", "nsval_100123": "1.0", "nsval_100124": "0.0", "nsval_100125": "0.0", "nsval_100129": "0.0", "nsval_100132": "0.0", "nsval_100133": "0.0", "nsval_100135": "1.0", "nsval_300001": "0.0", "nsval_300002": "0.0", "nsval_300003": "", "nsval_300004": "", "nsval_300005": "", "nsval_300006": "", "nsval_300007": "", "nsval_300008": "", "nsval_300009": "11.0", "nsval_300010": "1.0", "nsval_300011": "Y", "nsval_300012": "5.0", "nsval_300013": "Y", "nsval_300014": "SD", "nsval_300015": "U", "nsval_300016": "U", "nsval_300017": "1.0", "nsval_300018": "85.0", "nsval_300019": "1.0", "nsval_300020": "0.0", "nsval_300021": "1.0", "nsval_300022": "N", "nsval_300023": "U", "nsval_300024": "A7", "nsval_300025": "W", "nsval_300026": "0.0", "nsval_300027": "", "nsval_300028": "N", "nsval_300029": "0", "nsval_300030": "0", "nsval_300031": "0", "nsval_300032": "1.0", "nsval_300033": "1.0", "nsval_300034": "C", "nsval_300035": "0.0", "nsval_300036": "1.0", "nsval_300037": "1.0", "nsval_300039": "A7", "nsval_300041": "CT", "nsval_300042": "US", "pfvvl_100001": "0.0", "pfvvl_100002": "Mobile", "pfvvl_100003": "Verizon", "pfvvl_100004": "US", "pfvvl_100005": "44.0", "pfvvl_100006": "44.0", "pfvvl_100007": "44.0", "pfvvl_100008": "0.0", "pfvvl_100013": "1502.0", "pfvvl_100014": "1000.0", "pfvvl_100015": "0.0", "pfvvl_100017": "0.0", "pfvvl_100018": "0.0", "pfvvl_100019": "0.0", "pfvvl_100020": "0.0", "pfvvl_100022": "1.0", "pfvvl_100023": "0.0", "pfvvl_100024": "0.0", "pfvvl_100025": "0.0", "pfvvl_100026": "0.0", "pfvvl_100027": "0.0", "pfvvl_100028": "0.0", "pfvvl_100029": "0.0", "pfvvl_100030": "0.0", "pfvvl_100031": "0.0", "pfvvl_100034": "0.0", "pfvvl_100035": "0.0", "pfvvl_100036": "0.0", "pfvvl_100037": "0.0", "pfvvl_100038": "0.0", "pfvvl_100039": "0.0", "pfvvl_100040": "0.0", "pfvvl_100041": "0.0", "pfvvl_100042": "0.0", "pfvvl_100043": "0.0", "pfvvl_100044": "0.0", "pfvvl_100045": "0.0", "pfvvl_100046": "0.0", "pfvvl_100047": "0.0", "pfvvl_100048": "0.0", "pfvvl_100049": "0.0", "pfvvl_100050": "0.0", "pfvvl_100053": "0.0", "pfvvl_100054": "0.0", "pfvvl_100055": "0.0", "pfvvl_100056": "0.0", "pfvvl_100057": "0.0", "pfvvl_100058": "0.0", "pfvvl_100059": "0.0", "pfvvl_100060": "0.0", "pfvvl_100061": "0.0", "pfvvl_100062": "0.0", "pfvvl_100063": "0.0", "pfvvl_100065": "0.0", "pfvvl_100066": "0.0", "pfvvl_100067": "0.0", "pfvvl_100068": "0.0", "pfvvl_100073": "0.0", "pfvvl_100074": "1.0", "pfvvl_100075": "0.0", "pfvvl_100076": "0.0", "pfvvl_100077": "0.0", "pfvvl_100078": "1.0", "pfvvl_100135": "1.0", "wpval_100002": "1.0", "wpval_100003": "0.0", "wpval_100004": "1.0", "wpval_100007": "0.0", "wpval_100008": "0.0", "wpval_100013": "1.0", "wpval_100020": "0.0", "wpval_100021": "1.0", "wpval_100025": "0.0", "wpval_100026": "0.0", "wpval_100027": "0.0", "wpval_100030": "0.0", "wpval_100031": "0.0", "wpval_100035": "0.0", "wpval_100039": "1.0", "wpval_100048": "0.0", "wpval_100049": "0.0", "wpval_100050": "1.0", "wpval_100051": "0.0", "wpval_100052": "1.0", "wpval_100053": "0.0", "wpval_100056": "1.0", "wpval_100057": "0.0", "wpval_100058": "0.0", "wpval_100060": "0.0", "wpval_100063": "1.0", "wpval_100135": "1.0", "wpval_100145": "0.0", "wpval_300001": "", "wpval_300002": "true", "wpval_300005": "No match", "wpval_300006": "No match", "wpval_300007": "US", "wpval_300008": "Mobile", "wpval_300009": "Verizon Wireless", "wpval_300013": "false", "wpval_300014": "Partial Address", "wpval_300039": "", "wpval_300040": "true", "wpval_300042": "false", "wpval_300043": "false", "wpval_300044": "Match", "wpval_300045": "2007-01-29", "wpval_300046": "5392.0", "wpval_300047": "1995-08-13", "wpval_300048": "9579.0", "wpval_300050": "98.0", "wpval_300051": "false", "wpval_300053": "FALSE", "wpval_300056": "TRUE", "wpval_300057": "Cable/DSL", "wpval_300058": "1544.0", "wpval_300059": "0.8182", "wpval_300060": "-0.8182", "wpval_300062": "-0.2", "wpval_300064": "1.0", "wpval_300065": "5392.0", "wpval_300066": "9579.0", "wpval_300068": "1.0", "wpval_300069": "0.0", "wpval_300070": "0.0", "wpval_300071": "1.0", "wpval_300072": "1.0", "wpval_300073": "FirstName SurName Match", "wpval_300074": "06103", "wpval_300081": "0.2222", "wpval_300082": "0.1818", "wpval_300083": "No Match", "wpval_700025": "0.0", "wpval_700028": "0.0", "wpval_700047": "5392.0", "wpval_700053": "0.0", "wpvns_email": "1.0"}
{"transaction_id": "d4753283-4f4a-496a-8990-b725d048a47f", "account_id": 814, "transaction_date": "2021-11-03T20:22:29.039Z", "run_id": null, "fbval_200131": "1.0", "fcval_100135": "1.0", "fcval_200127": "4.0", "fcval_200128": "5.0", "fcval_200277": "0.925", "fcval_300001": "1.0", "fcval_300002": "1.0", "fcval_300003": "1.0", "fcval_300005": "male", "fcval_300006": "0.0", "fcval_300007": "0.0", "fcval_300008": "5.0", "fcval_300009": "3.0", "fcval_300010": "2.0", "fcval_300011": "0.0", "fcval_300013": "2.0", "fcval_300014": "9.0", "fcval_300021": "0.2", "fcval_300022": "0.1667", "fcvfm_email": "1.0", "fcvfm_name": "-0.6", "gpval_200131": "1.0", "lival_200126": "1.0", "lival_200131": "1.0", "pfivl_100001": "1.0", "pfivl_100005": "Native", "pfivl_100016": "1019.0", "pfivl_100019": "1019.0", "pfivl_100022": "US", "pfivl_100024": "940.0", "pfivl_100025": "0.0", "pfivl_100027": "0.0", "pfivl_100028": "0.0", "pfivl_100029": "365.0", "pfivl_100031": "365.0", "pfivl_100050": "0.0", "pfivl_100051": "0.0", "pfivl_100052": "0.0", "pfivl_100053": "0.0", "pfivl_100054": "0.0", "pfivl_100055": "0.0", "pfivl_100056": "0.0", "pfivl_100057": "0.0", "pfivl_100058": "0.0", "pfivl_100059": "0.0", "pfivl_100135": "1.0", "pfvvl_100001": "0.0", "pfvvl_100002": "Mobile", "pfvvl_100003": "T-Mobile USA", "pfvvl_100004": "US", "pfvvl_100015": "0.0", "pfvvl_100017": "0.0", "pfvvl_100018": "0.0", "pfvvl_100019": "0.0", "pfvvl_100020": "0.0", "pfvvl_100022": "0.0", "pfvvl_100023": "0.0", "pfvvl_100024": "0.0", "pfvvl_100025": "0.0", "pfvvl_100026": "0.0", "pfvvl_100027": "0.0", "pfvvl_100028": "0.0", "pfvvl_100029": "0.0", "pfvvl_100030": "0.0", "pfvvl_100031": "0.0", "pfvvl_100034": "0.0", "pfvvl_100035": "0.0", "pfvvl_100036": "0.0", "pfvvl_100037": "0.0", "pfvvl_100038": "0.0", "pfvvl_100039": "0.0", "pfvvl_100040": "0.0", "pfvvl_100041": "0.0", "pfvvl_100042": "0.0", "pfvvl_100043": "1.0", "pfvvl_100044": "0.0", "pfvvl_100045": "0.0", "pfvvl_100046": "0.0", "pfvvl_100047": "0.0", "pfvvl_100048": "0.0", "pfvvl_100049": "0.0", "pfvvl_100050": "0.0", "pfvvl_100053": "0.0", "pfvvl_100054": "0.0", "pfvvl_100055": "0.0", "pfvvl_100056": "0.0", "pfvvl_100057": "0.0", "pfvvl_100058": "0.0", "pfvvl_100059": "1.0", "pfvvl_100060": "0.0", "pfvvl_100061": "0.0", "pfvvl_100062": "0.0", "pfvvl_100063": "0.0", "pfvvl_100065": "0.0", "pfvvl_100066": "0.0", "pfvvl_100067": "0.0", "pfvvl_100074": "1.0", "pfvvl_100078": "1.0", "pfvvl_100135": "1.0", "pnval_200131": "1.0", "twval_200126": "1.0", "twval_200131": "1.0"}
