{"transaction_id": "d4753283-4f4a-496a-8990-b725d048a47f", "account_id": 814, "transaction_date": "2021-11-03T20:22:29.039Z", "run_id": null, "exval_100003": "0.0", "exval_100009": "0.0", "exval_100019": "0.0", "exval_100021": "1.0", "exval_100025": "0.0", "exval_100027": "0.0", "exval_100032": "0.0", "exval_100033": "0.0", "exval_100038": "0.0", "exval_100040": "1.0", "exval_100041": "0.0", "exval_100054": "0.0", "exval_100061": "0.0", "exval_100062": "0.0", "exval_100063": "0.0", "exval_100068": "0.0", "exval_100069": "1.0", "exval_100071": "0.0", "exval_100073": "0.0", "exval_100077": "0.0", "exval_100078": "0.0", "exval_100079": "0.0", "exval_100085": "0.0", "exval_100086": "0.0", "exval_100087": "0.0", "exval_100089": "0.0", "exval_100091": "0.0", "exval_100093": "0.0", "exval_100094": "0.0", "exval_100095": "0.0", "exval_100096": "0.0", "exval_100097": "0.0", "exval_100098": "0.0", "exval_100099": "0.0", "exval_100100": "0.0", "exval_100101": "0.0", "exval_100102": "0.0", "exval_100103": "0.0", "exval_100104": "0.0", "exval_100105": "0.0", "exval_100106": "0.0", "exval_100108": "0.0", "exval_100109": "0.0", "exval_100110": "1.0", "exval_100111": "0.0", "exval_100112": "0.0", "exval_100113": "0.0", "exval_100114": "0.0", "exval_100115": "1.0", "exval_100122": "0.0", "exval_100135": "1.0", "exval_100140": "57.0", "exval_100141": "19630825", "exval_100201": "0.99", "exval_100202": "0.99", "exval_100203": "0.01", "exval_100204": "0.01", "exval_100205": "0.01", "exval_100206": "0.01", "exval_100207": "0.99", "exval_100208": "0.99", "exval_100209": "0.99", "exval_200001": "4097 hillcrest circle", "exval_200002": "minneapolis", "exval_200003": "mn", "exval_200004": "55402"}
