{"transaction_id": "5feadce9-f647-4fb0-b2dc-ec45c9ab5f16", "account_id": 2277, "transaction_date": "2020-11-05T22:41:03.000Z", "run_id": null, "deval_100004": "business", "deval_100006": "0", "deval_100009": "0", "deval_100010": "0.0", "deval_100011": "0.0", "deval_100012": "0.0", "deval_100013": "0.0", "deval_100014": "0.0", "deval_100015": "0.0", "deval_100016": "0.0", "deval_100017": "0.0", "deval_100018": "0.0", "deval_100019": "0", "deval_100021": "0", "deval_100022": "0", "deval_100023": "0.0", "deval_100024": "0", "deval_100025": "asia pacific network information centre", "deval_100026": "7406.0", "deval_100028": "0.0", "deval_100029": "0.1", "deval_100030": "qld", "deval_100031": "0.0", "deval_100032": "n", "deval_100033": "broadband", "deval_100034": "wired", "deval_100035": "36305", "deval_100037": "1000.0", "deval_100038": "australia/brisbane", "deval_100043": "0.0", "deval_100135": "1.0", "exavl_100000": "0.0", "exavl_100135": "1.0", "exevl_100000": "0.0", "exevl_100135": "1.0", "exsvl_100000": "0.0", "exsvl_100135": "1.0", "exxvl_100003": "0.0", "exxvl_100009": "0.0", "exxvl_100019": "1.0", "exxvl_100021": "0.0", "exxvl_100025": "0.0", "exxvl_100027": "0.0", "exxvl_100032": "0.0", "exxvl_100033": "0.0", "exxvl_100038": "1.0", "exxvl_100040": "0.0", "exxvl_100041": "0.0", "exxvl_100054": "1.0", "exxvl_100061": "0.0", "exxvl_100062": "0.0", "exxvl_100063": "0.0", "exxvl_100068": "0.0", "exxvl_100069": "0.0", "exxvl_100071": "0.0", "exxvl_100073": "0.0", "exxvl_100077": "0.0", "exxvl_100078": "0.0", "exxvl_100079": "0.0", "exxvl_100085": "0.0", "exxvl_100086": "0.0", "exxvl_100087": "0.0", "exxvl_100089": "0.0", "exxvl_100091": "0.0", "exxvl_100093": "0.0", "exxvl_100094": "0.0", "exxvl_100095": "0.0", "exxvl_100096": "0.0", "exxvl_100097": "0.0", "exxvl_100098": "1.0", "exxvl_100099": "0.0", "exxvl_100100": "0.0", "exxvl_100101": "0.0", "exxvl_100102": "0.0", "exxvl_100103": "0.0", "exxvl_100104": "0.0", "exxvl_100105": "0.0", "exxvl_100106": "0.0", "exxvl_100108": "1.0", "exxvl_100109": "0.0", "exxvl_100110": "0.0", "exxvl_100111": "0.0", "exxvl_100112": "0.0", "exxvl_100113": "0.0", "exxvl_100114": "0.0", "exxvl_100115": "1.0", "exxvl_100135": "1.0", "exxvl_100201": "0.99", "exxvl_100202": "0.99", "exxvl_100203": "0.01", "exxvl_100204": "0.99", "exxvl_100205": "0.01", "exxvl_100206": "0.99", "exxvl_100207": "0.99", "exxvl_100208": "0.99", "exxvl_100209": "0.99", "smsvl_100005": "0.0", "smsvl_100006": "1.0", "smsvl_100007": "0.0", "smsvl_100008": "0.0", "smsvl_100009": "0.0", "smsvl_100010": "0.0", "smsvl_100011": "0.0", "smsvl_100012": "0.0", "smsvl_100013": "0.0", "smsvl_100014": "0.0", "smsvl_100015": "0.0", "smsvl_100016": "0.0", "smsvl_100017": "0.0", "smsvl_100020": "Standard", "smsvl_100021": "0.0", "smsvl_100022": "1.0", "smsvl_100024": "1.0", "smsvl_100025": "1.0", "smsvl_100026": "1.0", "smsvl_100027": "Zip5", "smsvl_100032": "0.0", "smsvl_100033": "0.0", "smsvl_100034": "0.0", "smsvl_100035": "0.0", "smsvl_100036": "0.0", "smsvl_100037": "1.0", "smsvl_100038": "0.0", "smsvl_100039": "0.0", "smsvl_100040": "0.0", "smsvl_100041": "0.0", "smsvl_100042": "0.0", "smsvl_100043": "0.0", "smsvl_100044": "0.0", "smsvl_100045": "0.0", "smsvl_100046": "0.0", "smsvl_100047": "0.0", "smsvl_100048": "0.0", "smsvl_100049": "0.0", "smsvl_100050": "0.0", "smsvl_100051": "0.0", "smsvl_100052": "0.0", "smsvl_100053": "0.0", "smsvl_100054": "0.0", "smsvl_100055": "0.0", "smsvl_100056": "0.0", "smsvl_100057": "0.0", "smsvl_100058": "0.0", "smsvl_100100": "1.0", "smsvl_100135": "1.0", "veivl_100000": "1.0", "veivl_100001": "0.0", "veivl_100002": "0.0", "veivl_100003": "2.0", "veivl_100004": "40.0", "veivl_100005": "40.0", "veivl_100007": "1.0", "veivl_100008": "0.0", "veivl_100009": "0.0", "veivl_100010": "0.0", "veivl_100011": "1.0", "veivl_100012": "0.0", "veivl_100013": "0.0", "veivl_100014": "0.0", "veivl_100015": "1.0", "veivl_100016": "0.0", "veivl_100017": "0.0", "veivl_100018": "0.0", "veivl_100019": "1.0", "veivl_100020": "0.0", "veivl_100021": "0.0", "veivl_100022": "0.0", "veivl_100023": "6.0", "veivl_100024": "0.0", "veivl_100025": "0.0", "veivl_100026": "0.0", "veivl_100027": "0.0", "veivl_100028": "0.0", "veivl_100029": "0.0", "veivl_100030": "0.0", "veivl_100031": "1.0", "veivl_100032": "0.0", "veivl_100033": "0.0", "veivl_100034": "0.0", "veivl_100035": "1.0", "veivl_100036": "0.0", "veivl_100037": "0.0", "veivl_100038": "0.0", "veivl_100039": "1.0", "veivl_100040": "0.0", "veivl_100041": "0.0", "veivl_100042": "0.0", "veivl_100043": "1.0", "veivl_100044": "0.0", "veivl_100045": "0.0", "veivl_100046": "0.0", "veivl_100135": "1.0"}
{"transaction_id": "d86e7a68-2da5-47fd-b21e-9dda686e5142", "account_id": 1506, "transaction_date": "2021-08-18T09:30:21.379Z", "run_id": null, "coval_400010": "0.0015", "coval_400012": "1.0", "deval_100001": "ct.gov", "deval_100002": "0.0", "deval_100003": "0.0", "deval_100004": "business", "deval_100005": "state of connecticut", "deval_100006": "3481", "deval_100007": "state of connecticut", "deval_100008": "state of connecticut", "deval_100009": "32", "deval_100010": "922.0", "deval_100011": "970.0", "deval_100012": "233.0", "deval_100013": "455.0", "deval_100014": "887.0", "deval_100015": "236.0", "deval_100016": "442.0", "deval_100017": "174.0", "deval_100018": "246.0", "deval_100019": "921120", "deval_100021": "0", "deval_100022": "0", "deval_100023": "0.0", "deval_100024": "0", "deval_100025": "state of connecticut", "deval_100026": "98.0", "deval_100027": "1347.0", "deval_100028": "0.0", "deval_100030": "ct", "deval_100031": "1.0", "deval_100032": "y", "deval_100033": "broadband", "deval_100034": "wifi", "deval_100035": "533", "deval_100036": "2403", "deval_100037": "-400.0", "deval_100038": "america/new_york", "deval_100043": "0.0", "deval_100045": "24", "deval_100047": "1351.0", "deval_100048": "0.0", "deval_100049": "95.0", "deval_100050": "127", "deval_100051": "95", "deval_100052": "6", "deval_100053": "USA", "deval_100054": "840", "deval_100055": "99", "deval_100056": "90", "deval_100059": "99", "deval_100060": "7", "deval_100061": "US", "deval_100062": "9", "deval_100135": "1.0", "dfpvl_100131": "1.0", "exevl_100000": "0.0", "exevl_100135": "1.0", "expvl_100000": "0.0", "expvl_100135": "1.0", "exxvl_100003": "0.0", "exxvl_100009": "0.0", "exxvl_100019": "0.0", "exxvl_100021": "0.0", "exxvl_100025": "0.0", "exxvl_100027": "0.0", "exxvl_100032": "0.0", "exxvl_100033": "0.0", "exxvl_100038": "0.0", "exxvl_100040": "0.0", "exxvl_100041": "0.0", "exxvl_100054": "0.0", "exxvl_100061": "0.0", "exxvl_100062": "0.0", "exxvl_100063": "0.0", "exxvl_100068": "1.0", "exxvl_100069": "1.0", "exxvl_100071": "1.0", "exxvl_100073": "0.0", "exxvl_100077": "0.0", "exxvl_100078": "0.0", "exxvl_100079": "0.0", "exxvl_100085": "0.0", "exxvl_100086": "0.0", "exxvl_100087": "0.0", "exxvl_100089": "0.0", "exxvl_100091": "0.0", "exxvl_100093": "0.0", "exxvl_100094": "0.0", "exxvl_100095": "0.0", "exxvl_100096": "0.0", "exxvl_100097": "0.0", "exxvl_100098": "0.0", "exxvl_100099": "0.0", "exxvl_100100": "0.0", "exxvl_100101": "1.0", "exxvl_100102": "0.0", "exxvl_100103": "0.0", "exxvl_100104": "0.0", "exxvl_100105": "0.0", "exxvl_100106": "0.0", "exxvl_100108": "0.0", "exxvl_100109": "0.0", "exxvl_100110": "1.0", "exxvl_100111": "0.0", "exxvl_100112": "0.0", "exxvl_100113": "1.0", "exxvl_100114": "0.0", "exxvl_100115": "1.0", "exxvl_100135": "1.0", "exxvl_100201": "0.01", "exxvl_100202": "0.01", "exxvl_100203": "0.01", "exxvl_100204": "0.01", "exxvl_100205": "0.01", "exxvl_100206": "0.01", "exxvl_100207": "0.01", "exxvl_100208": "0.01", "exxvl_100209": "0.01", "fvanl_100135": "1.0", "fvanl_400003": "0.0", "smsvl_100135": "1.0", "veivl_100000": "1.0", "veivl_100001": "0.0", "veivl_100002": "0.0", "veivl_100003": "2.0", "veivl_100004": "4.0", "veivl_100005": "4.0", "veivl_100007": "1.0", "veivl_100008": "0.0", "veivl_100009": "0.0", "veivl_100010": "0.0", "veivl_100011": "1.0", "veivl_100012": "0.0", "veivl_100013": "0.0", "veivl_100014": "0.0", "veivl_100015": "1.0", "veivl_100016": "0.0", "veivl_100017": "0.0", "veivl_100018": "0.0", "veivl_100019": "1.0", "veivl_100020": "0.0", "veivl_100021": "0.0", "veivl_100022": "0.0", "veivl_100023": "0.0", "veivl_100024": "0.0", "veivl_100025": "0.0", "veivl_100026": "0.0", "veivl_100027": "0.0", "veivl_100028": "0.0", "veivl_100029": "0.0", "veivl_100030": "0.0", "veivl_100031": "0.0", "veivl_100032": "0.0", "veivl_100033": "0.0", "veivl_100034": "0.0", "veivl_100035": "0.0", "veivl_100036": "0.0", "veivl_100037": "0.0", "veivl_100038": "0.0", "veivl_100039": "0.0", "veivl_100040": "0.0", "veivl_100041": "0.0", "veivl_100042": "0.0", "veivl_100043": "1.0", "veivl_100044": "0.0", "veivl_100045": "0.0", "veivl_100046": "0.0", "veivl_100135": "1.0"}
{"transaction_id": "d4753283-4f4a-496a-8990-b725d048a47f", "account_id": 814, "transaction_date": "2021-11-03T20:22:29.039Z", "run_id": null, "coval_400010": "0.3443", "coval_400013": "2.0E-4", "coval_400015": "1.0", "coval_400016": "0.085", "coval_400018": "1.0", "coval_400019": "0.0426", "coval_400020": "0.2146", "coval_400021": "0.1432", "coval_400022": "0.1722", "deval_100001": "isiline.net", "deval_100002": "0.0", "deval_100003": "0.0", "deval_100004": "business", "deval_100005": "isi line srl", "deval_100006": "13113", "deval_100007": "isi line srl", "deval_100009": "0", "deval_100010": "0.0", "deval_100011": "0.0", "deval_100012": "0.0", "deval_100013": "0.0", "deval_100014": "0.0", "deval_100015": "0.0", "deval_100016": "0.0", "deval_100017": "0.0", "deval_100018": "0.0", "deval_100019": "0", "deval_100021": "0", "deval_100022": "0", "deval_100023": "0.0", "deval_100024": "0", "deval_100025": "isi line srl", "deval_100026": "4590.0", "deval_100027": "4588.0", "deval_100028": "0.0", "deval_100029": "0.2222", "deval_100030": "cn", "deval_100031": "0.0", "deval_100032": "y", "deval_100033": "broadband", "deval_100034": "wifi", "deval_100035": "-1", "deval_100037": "200.0", "deval_100038": "europe/rome", "deval_100043": "0.0", "deval_100045": "24", "deval_100046": "4590", "deval_100050": "12613", "deval_100051": "99", "deval_100052": "5", "deval_100053": "ITA", "deval_100054": "380", "deval_100055": "99", "deval_100056": "90", "deval_100057": "0.0", "deval_100058": "0.0", "deval_100059": "99", "deval_100060": "10810", "deval_100061": "IT", "deval_100062": "15", "deval_100135": "1.0", "exavl_100000": "0.0", "exavl_100135": "1.0", "exevl_100000": "0.0", "exevl_100135": "1.0", "expvl_100000": "0.0", "expvl_100135": "1.0", "exsvl_100000": "0.0", "exsvl_100135": "1.0", "exxvl_100003": "0.0", "exxvl_100009": "0.0", "exxvl_100019": "0.0", "exxvl_100021": "1.0", "exxvl_100025": "0.0", "exxvl_100027": "0.0", "exxvl_100032": "0.0", "exxvl_100033": "0.0", "exxvl_100038": "0.0", "exxvl_100040": "1.0", "exxvl_100041": "0.0", "exxvl_100054": "0.0", "exxvl_100061": "0.0", "exxvl_100062": "0.0", "exxvl_100063": "0.0", "exxvl_100068": "0.0", "exxvl_100069": "1.0", "exxvl_100071": "0.0", "exxvl_100073": "0.0", "exxvl_100077": "0.0", "exxvl_100078": "0.0", "exxvl_100079": "0.0", "exxvl_100085": "0.0", "exxvl_100086": "0.0", "exxvl_100087": "0.0", "exxvl_100089": "0.0", "exxvl_100091": "0.0", "exxvl_100093": "0.0", "exxvl_100094": "0.0", "exxvl_100095": "0.0", "exxvl_100096": "0.0", "exxvl_100097": "0.0", "exxvl_100098": "0.0", "exxvl_100099": "0.0", "exxvl_100100": "0.0", "exxvl_100101": "0.0", "exxvl_100102": "0.0", "exxvl_100103": "0.0", "exxvl_100104": "0.0", "exxvl_100105": "0.0", "exxvl_100106": "0.0", "exxvl_100108": "0.0", "exxvl_100109": "0.0", "exxvl_100110": "1.0", "exxvl_100111": "0.0", "exxvl_100112": "0.0", "exxvl_100113": "0.0", "exxvl_100114": "0.0", "exxvl_100115": "1.0", "exxvl_100135": "1.0", "exxvl_100201": "0.99", "exxvl_100202": "0.99", "exxvl_100203": "0.01", "exxvl_100204": "0.01", "exxvl_100205": "0.01", "exxvl_100206": "0.01", "exxvl_100207": "0.99", "exxvl_100208": "0.99", "exxvl_100209": "0.99", "rkval_400001": "0.819", "rkval_400002": "0.988", "rkval_400003": "0.9966", "rkval_400004": "1.0", "rkval_400007": "1.0", "rkval_400009": "1.0", "smsvl_100001": "Y", "smsvl_100005": "0.0", "smsvl_100006": "1.0", "smsvl_100007": "0.0", "smsvl_100008": "0.0", "smsvl_100009": "0.0", "smsvl_100010": "0.0", "smsvl_100011": "0.0", "smsvl_100012": "0.0", "smsvl_100013": "0.0", "smsvl_100014": "0.0", "smsvl_100015": "0.0", "smsvl_100016": "0.0", "smsvl_100017": "0.0", "smsvl_100020": "Standard", "smsvl_100021": "0.0", "smsvl_100022": "1.0", "smsvl_100024": "1.0", "smsvl_100025": "1.0", "smsvl_100026": "1.0", "smsvl_100027": "Zip5", "smsvl_100032": "0.0", "smsvl_100033": "0.0", "smsvl_100034": "0.0", "smsvl_100035": "0.0", "smsvl_100036": "0.0", "smsvl_100037": "1.0", "smsvl_100038": "0.0", "smsvl_100039": "0.0", "smsvl_100040": "0.0", "smsvl_100041": "0.0", "smsvl_100042": "0.0", "smsvl_100043": "0.0", "smsvl_100044": "0.0", "smsvl_100045": "0.0", "smsvl_100046": "0.0", "smsvl_100047": "0.0", "smsvl_100048": "0.0", "smsvl_100049": "0.0", "smsvl_100050": "0.0", "smsvl_100051": "0.0", "smsvl_100052": "0.0", "smsvl_100053": "0.0", "smsvl_100054": "0.0", "smsvl_100055": "0.0", "smsvl_100056": "0.0", "smsvl_100057": "0.0", "smsvl_100058": "0.0", "smsvl_100100": "1.0", "smsvl_100135": "1.0", "ssevl_100000": "0.0", "ssevl_100135": "1.0", "tdval_100031": "400.0", "tdval_100032": "invalid", "tdval_100033": "freeisp", "tdval_100034": "0.0", "tdval_100037": "0.0", "tdval_100038": "0.0", "tdval_100039": "0.0", "tdval_100048": "0.0", "tdval_100050": "0.0", "tdval_100053": "0.0", "tdval_100054": "0.0", "tdval_100135": "1.0", "twval_200126": "1.0", "twval_200131": "1.0", "veivl_100131": "1.0"}
