701,Missing Required field: email
702,Invalid geocode format
703,Supported date of birth formats are yyyyMMdd, yyyy-MM-dd, and yyyy/MM/dd
704,Country code required unless physical address, city, state, and zip are specified
705,IP address must meet IPV or IPV standard
706,State is only permitted when country=US
707,State must be two characters
708,Supported phone number formats are + and +   
801,Possible blacklist reasons are Spammer, Violated ToS, Suspected of fraud, Committed fraud, Chargeback Fraud, First Payment Default Fraud, Identity Fraud and Fake ID.
802,Possible blacklist reasons are Spammer, Violated ToS, Suspected of fraud, ..
803,The user identity associated to this access token is not in any blacklist as a potential or known fraudulent identity. If you believe this is in error, please contact support@socure.com for resolution.
804,No user authorization found
805,Unable to find user.
806,The user identity associated to this access token is not in any blacklist as a potential or known fraudolent identity. If you believe this is in error, please contact support@socure.com for resolution.
807,Already added to blacklist
808,The user identity is blacklisted as Spammer. If you believe this is in error, please contact support@socure.com for resolution.
809,Required Reason Code input missing
810,Your account has been created successfully. A Socure sales representative will be in touch with you shortly.
811,An account with this email address already exists
813,Api v1 is deprecated please use api v2.5 https://service.socure.com/api/2.5
901,InternalServerException
902,MissingRequiredParametersException
903,MissingParameterOptionsException
904,InsufficientPermissionException
905,DomainNotAuthorizedException
906,Fraudscore internal Error
907,StillProcessingException
908,InvalidRequestParametersException
909,AccountNotActivatedException
910,NoAccountAssociatedException
911,InvalidTokenException
912,Missing Required fields: firstname/surname
913,Missing Required field: accesstoken
914,Commonwealth/Territory and Military states are not supported
915,Driver License State is required for Driver License validation
916,Driver License state must be the 2 letter state abbreviation
917,Invalid date format yyyy-MM-dd, yyyy/MM/dd or yyyyMMdd
918,Invalid email address
919,Invalid State/Province Code
920,InvalidArgumentException
921,KYC is deprecated for v2.0. Use v2.5 for KYC queries.
922,KYC or Watchlist processing error. Please retry transaction using forcerefresh=true
923,Missing Required field: country
924,Missing Required field: firstname/surname
926,Please use only ISO 3166-1 alpha-2 codes for country
927,UnknownProviderException
928,Accounts with PII Masking cannot use blacklist functions