[
  {
    "name" : "RuleCodeComplianceParser",
    "kinesisStream" : "ruleCodeComplianceStream",
    "ruleCodes" : [
      "comply_wlval_100007",
      "comply_wlval_100028",
      "comply_wlval_100029",
      "comply_wlval_100030",
      "comply_wlval_100130",
      "comply_wlval_100131",
      "comply_wlval_100135",
      "comply_wlval_200001",
      "exval_100003",
      "exval_100009",
      "exval_100019",
      "exval_100021",
      "exval_100025",
      "exval_100027",
      "exval_100032",
      "exval_100033",
      "exval_100038",
      "exval_100040",
      "exval_100041",
      "exval_100054",
      "exval_100061",
      "exval_100062",
      "exval_100063",
      "exval_100068",
      "exval_100069",
      "exval_100071",
      "exval_100073",
      "exval_100077",
      "exval_100078",
      "exval_100079",
      "exval_100085",
      "exval_100086",
      "exval_100087",
      "exval_100089",
      "exval_100091",
      "exval_100093",
      "exval_100094",
      "exval_100095",
      "exval_100096",
      "exval_100097",
      "exval_100098",
      "exval_100099",
      "exval_100100",
      "exval_100101",
      "exval_100102",
      "exval_100103",
      "exval_100104",
      "exval_100105",
      "exval_100106",
      "exval_100108",
      "exval_100109",
      "exval_100110",
      "exval_100111",
      "exval_100112",
      "exval_100113",
      "exval_100114",
      "exval_100115",
      "exval_100116",
      "exval_100117",
      "exval_100118",
      "exval_100119",
      "exval_100120",
      "exval_100121",
      "exval_100122",
      "exval_100130",
      "exval_100131",
      "exval_100135",
      "exval_100140",
      "exval_100141",
      "exval_100151",
      "exval_100152",
      "exval_100153",
      "exval_100154",
      "exval_100155",
      "exval_100201",
      "exval_100202",
      "exval_100203",
      "exval_100204",
      "exval_100205",
      "exval_100206",
      "exval_100207",
      "exval_100208",
      "exval_100209",
      "exval_200001",
      "exval_200002",
      "exval_200003",
      "exval_200004",
      "exval_200005",
      "exval_200006",
      "exval_200007",
      "idvvl_100001",
      "idvvl_100002",
      "idvvl_100003",
      "idvvl_100004",
      "idvvl_100130",
      "idvvl_100131",
      "lnval_100001",
      "lnval_100002",
      "lnval_100003",
      "lnval_100004",
      "lnval_100005",
      "lnval_100006",
      "lnval_100007",
      "lnval_100008",
      "lnval_100009",
      "lnval_100010",
      "lnval_100011",
      "lnval_100012",
      "lnval_100013",
      "lnval_100014",
      "lnval_100015",
      "lnval_100016",
      "lnval_100017",
      "lnval_100018",
      "lnval_100019",
      "lnval_100020",
      "lnval_100021",
      "lnval_100022",
      "lnval_100023",
      "lnval_100024",
      "lnval_100025",
      "lnval_100026",
      "lnval_100027",
      "lnval_100028",
      "lnval_100029",
      "lnval_100030",
      "lnval_100031",
      "lnval_100032",
      "lnval_100033",
      "lnval_100034",
      "lnval_100035",
      "lnval_100036",
      "lnval_100037",
      "lnval_100038",
      "lnval_100039",
      "lnval_100040",
      "lnval_100041",
      "lnval_100042",
      "lnval_100043",
      "lnval_100044",
      "lnval_100045",
      "lnval_100046",
      "lnval_100047",
      "lnval_100048",
      "lnval_100049",
      "lnval_100050",
      "lnval_100051",
      "lnval_100052",
      "lnval_100053",
      "lnval_100054",
      "lnval_100055",
      "lnval_100056",
      "lnval_100057",
      "lnval_100058",
      "lnval_100059",
      "lnval_100060",
      "lnval_100061",
      "lnval_100062",
      "lnval_100063",
      "lnval_100064",
      "lnval_100065",
      "lnval_100066",
      "lnval_100067",
      "lnval_100068",
      "lnval_100069",
      "lnval_100070",
      "lnval_100071",
      "lnval_100072",
      "lnval_100073",
      "lnval_100074",
      "lnval_100075",
      "lnval_100076",
      "lnval_100077",
      "lnval_100078",
      "lnval_100079",
      "lnval_100080",
      "lnval_100081",
      "lnval_100082",
      "lnval_100083",
      "lnval_100084",
      "lnval_100085",
      "lnval_100086",
      "lnval_100087",
      "lnval_100088",
      "lnval_100089",
      "lnval_100090",
      "lnval_100091",
      "lnval_100092",
      "lnval_100093",
      "lnval_100094",
      "lnval_100095",
      "lnval_100096",
      "lnval_100097",
      "lnval_100098",
      "lnval_100099",
      "lnval_100100",
      "lnval_100101",
      "lnval_100102",
      "lnval_100103",
      "lnval_100104",
      "lnval_100105",
      "lnval_100106",
      "lnval_100107",
      "lnval_100108",
      "lnval_100109",
      "lnval_100110",
      "lnval_100111",
      "lnval_100112",
      "lnval_100113",
      "lnval_100114",
      "lnval_100115",
      "lnval_100116",
      "lnval_100117",
      "lnval_100118",
      "lnval_100119",
      "lnval_100120",
      "lnval_100121",
      "lnval_100122",
      "lnval_100123",
      "lnval_100124",
      "lnval_100125",
      "lnval_100126",
      "lnval_100127",
      "lnval_100128",
      "lnval_100130",
      "lnval_100131",
      "lnval_100132",
      "lnval_100135",
      "mlavl_100001",
      "mlavl_100130",
      "mlavl_100131",
      "wlval_100001",
      "wlval_100005",
      "wlval_100006",
      "wlval_100007",
      "wlval_100130",
      "wlval_100131",
      "wlval_100135",
      "wlval_200001"
    ]
  },
  {
    "name" : "RuleCodeGlobalParser",
    "kinesisStream" : "ruleCodeGlobalStream",
    "ruleCodes" : [
      "fmval_100100",
      "fmval_100113",
      "fmval_100122",
      "fmval_100126",
      "fmval_100130",
      "fmval_100131",
      "fmval_100135",
      "fmval_100140",
      "fmval_100142",
      "fmval_100143",
      "fmval_100144",
      "fmval_100145",
      "fmval_100146",
      "fmval_100150",
      "fmval_100151",
      "fmval_100601",
      "fmval_100602",
      "fmval_100603",
      "fmval_100604",
      "fmval_100611",
      "fmval_100612",
      "fmval_100613",
      "fmval_100614",
      "fmval_100621",
      "fmval_100622",
      "fmval_100623",
      "fmval_100624",
      "fmval_200125",
      "fmval_200150",
      "fmval_300001",
      "fmval_300002",
      "fmval_300003",
      "fmval_300004",
      "fmval_300005",
      "fmval_300006",
      "fmval_300007",
      "fmval_300008",
      "fmval_300009",
      "fmval_300010",
      "fmval_300011",
      "fmval_300012",
      "fmval_300013",
      "fmval_300014",
      "fmval_300015",
      "fmval_300016",
      "fmval_300017",
      "fmval_300018",
      "fmval_300019",
      "fmval_300021",
      "fmval_300022",
      "fmval_300023",
      "fmval_300024",
      "fmval_300025",
      "fmval_300026",
      "fmval_300027",
      "fmval_300028",
      "fmval_300030",
      "fmval_300031",
      "fmval_300032",
      "fmval_300033",
      "fmval_300034",
      "fmval_300035",
      "fmval_300036",
      "fmval_300040",
      "fmval_300041",
      "fmval_300042",
      "fmval_300043",
      "fmval_300044",
      "fmval_300045",
      "fmval_300046",
      "fmval_300047",
      "fmval_300048",
      "fmval_300049",
      "fmval_300050",
      "fmval_300051",
      "fmval_300052",
      "fmval_300053",
      "fmval_300067",
      "fmval_300068",
      "fmval_300069",
      "fmval_300080",
      "fmval_300081",
      "fmval_300082",
      "fmval_300083",
      "fmval_300084",
      "fmval_300085",
      "fmval_300666",
      "fmval_300667",
      "fmval_300668",
      "fmval_300669",
      "fmval_300670",
      "fmval_300671",
      "fmval_300672",
      "fmval_300673",
      "fmval_400001",
      "fmval_400002",
      "fmval_400003",
      "fmval_400004",
      "fmval_400005",
      "fmval_400006",
      "fmval_400007",
      "fmval_400008",
      "fmval_400009",
      "fmval_400010",
      "fmval_400011",
      "fmval_400012",
      "fmval_400013",
      "fmval_500101",
      "fmval_500102",
      "fmval_500103",
      "fmval_500104",
      "fmval_500105",
      "fmval_500106",
      "fmval_500107",
      "fmval_500108",
      "fmval_500109",
      "fmval_500110",
      "fmval_500111",
      "fmval_500112",
      "fmval_500116",
      "fmval_500117",
      "fmval_500118",
      "fmval_500119",
      "fmval_600001",
      "fmval_600002",
      "fmval_600003",
      "fmval_600004",
      "fmval_600005",
      "fmval_600006",
      "fmval_600007",
      "fmval_600008",
      "fmval_600009",
      "fmval_600010",
      "fmval_600011",
      "fmval_600012",
      "fmval_600013",
      "fmval_600014",
      "fmval_600015",
      "fmval_600016",
      "fmval_600017",
      "fmval_600018",
      "fmval_600019",
      "fmval_600020",
      "fmval_600021",
      "fmval_600022",
      "fmval_600023",
      "fmval_600024",
      "fmval_600025",
      "fmval_600026",
      "fmval_600027",
      "fmval_600028",
      "fmval_600029",
      "fmval_600030",
      "fmval_600031",
      "fmval_600069",
      "fmval_900001",
      "fmval_900002",
      "fmval_900003",
      "fmval_900004",
      "fmval_900005",
      "fmval_900006",
      "fmval_900007",
      "fmval_900010",
      "fmval_900011",
      "fmval_900012",
      "fmval_900016",
      "fmval_900017",
      "fmval_900018",
      "fmval_900019",
      "fmval_900020",
      "fmval_900021",
      "fmval_900022",
      "fmval_900023",
      "fmval_900024",
      "fmval_900025",
      "fmval_900026",
      "fmval_900030",
      "fmval_900031",
      "global_100130",
      "global_100131",
      "global_100137",
      "global_100138",
      "global_100139",
      "global_100140",
      "global_100141",
      "global_100142",
      "global_100143",
      "global_100144",
      "global_200000",
      "global_200001",
      "global_200002",
      "global_200003",
      "global_200004",
      "global_200005",
      "global_200006",
      "global_200007",
      "global_200008",
      "global_200009",
      "global_200010",
      "global_200031",
      "global_200032",
      "global_200033",
      "global_200127",
      "global_300001",
      "global_300002",
      "global_300003",
      "global_300004",
      "global_300024",
      "global_300025",
      "global_300036",
      "global_300037",
      "global_300038",
      "global_300039",
      "global_300040",
      "global_300041",
      "global_300042",
      "global_300043",
      "global_300044",
      "global_300045",
      "global_300046",
      "global_300047",
      "global_300048",
      "global_300049",
      "global_300050",
      "global_300051",
      "global_300052",
      "global_300053",
      "global_300054",
      "global_300055",
      "global_300056",
      "global_300057",
      "global_300059",
      "global_300060",
      "global_300061",
      "global_300062",
      "global_300063",
      "global_300064",
      "global_300065",
      "global_300066",
      "global_300067",
      "global_300068",
      "global_300069",
      "global_300070",
      "global_300071",
      "global_300072",
      "global_300073",
      "global_300074",
      "global_300075",
      "global_300076",
      "global_300077",
      "global_300078",
      "global_300079",
      "global_300080",
      "global_300081",
      "global_300082",
      "global_300083",
      "global_300084",
      "global_300085",
      "global_300086",
      "global_300087",
      "global_300088",
      "global_300089",
      "global_300090",
      "global_300091",
      "global_300092",
      "global_300093",
      "global_300094",
      "global_300095",
      "global_300096",
      "global_300097",
      "global_300098",
      "global_300099",
      "global_300100",
      "global_300101",
      "global_300102",
      "global_300103",
      "global_300104",
      "global_300105",
      "global_300106",
      "global_300107",
      "global_300108",
      "global_300109",
      "global_300110",
      "global_300111",
      "global_300112",
      "global_300113",
      "global_300114",
      "global_300115",
      "global_300116",
      "global_300117",
      "global_300118",
      "global_300119",
      "global_300120",
      "global_300121",
      "global_300122",
      "global_300123",
      "global_300130",
      "global_300131",
      "global_300132",
      "global_300133",
      "global_300134",
      "global_300135",
      "global_300136",
      "global_300137",
      "global_300138",
      "global_300140",
      "global_300141",
      "global_300142",
      "global_300143",
      "global_300144",
      "global_300145",
      "global_300150",
      "global_300151",
      "global_300152",
      "global_300153",
      "global_300154",
      "global_300155",
      "global_300156",
      "global_300157",
      "global_300158",
      "global_300159",
      "global_300160",
      "global_300161",
      "global_300162",
      "global_300163",
      "global_300164",
      "global_300165",
      "global_300166",
      "global_300167",
      "global_300168",
      "global_300169",
      "global_300170",
      "global_300171",
      "global_300172",
      "global_300173",
      "global_300174",
      "global_300175",
      "global_300176",
      "global_300177",
      "global_300178",
      "global_300179",
      "global_300180",
      "global_300181",
      "global_300182",
      "global_300183",
      "global_300184",
      "global_300185",
      "global_300186",
      "global_300187",
      "global_300188",
      "global_300189",
      "global_300190",
      "global_300191",
      "global_300192",
      "global_300193",
      "global_300194",
      "global_300195",
      "global_300196",
      "global_300197",
      "global_300198",
      "global_300199",
      "global_300200",
      "global_300201",
      "global_300202",
      "global_300203",
      "global_300204",
      "global_300205",
      "global_300206",
      "global_300207",
      "global_300208",
      "global_300209",
      "global_300210",
      "global_300211",
      "global_300212",
      "global_300213",
      "global_300214",
      "global_300215",
      "global_300216",
      "global_300217",
      "global_300218",
      "global_300219",
      "global_300220",
      "global_300221",
      "global_300222",
      "global_300223",
      "global_300224",
      "global_300225",
      "global_300226",
      "global_300227",
      "global_300228",
      "global_300229",
      "global_300230",
      "global_300231",
      "global_300232",
      "global_300233",
      "global_300234",
      "global_300235",
      "global_300236",
      "global_300237",
      "global_300238",
      "global_300239",
      "global_300240",
      "global_300241",
      "global_300242",
      "global_300243",
      "global_300244",
      "global_300245",
      "global_300246",
      "global_300247",
      "global_300248",
      "global_300253",
      "global_300254",
      "global_300255",
      "global_300256",
      "global_300257",
      "global_300258",
      "global_300260",
      "global_300261",
      "global_300262",
      "global_300263",
      "global_300264",
      "global_300265",
      "global_300266",
      "global_300267",
      "global_300268",
      "global_300269",
      "global_300270",
      "global_300271",
      "global_300272",
      "global_300273",
      "global_300274",
      "global_300275",
      "global_300276",
      "global_300278",
      "global_300279",
      "global_300280",
      "global_300281",
      "global_300282",
      "global_300283",
      "global_300284",
      "global_300285",
      "global_300286",
      "global_300287",
      "global_300288",
      "global_300289",
      "global_300290",
      "global_300291",
      "global_300292",
      "global_300293",
      "global_300294",
      "global_300295",
      "global_300297",
      "global_300299",
      "global_300300",
      "global_300301",
      "global_300302",
      "global_300303",
      "global_300306",
      "global_300307",
      "global_300308",
      "global_300309",
      "global_300310",
      "global_300311",
      "global_300312",
      "global_300313",
      "global_300314",
      "global_300330",
      "global_300331",
      "global_300332",
      "global_300333",
      "global_300334",
      "global_300335",
      "global_300336",
      "global_300337",
      "global_300338",
      "global_300339",
      "global_300340",
      "global_300341",
      "global_300342",
      "global_300343",
      "global_300344",
      "global_300345",
      "global_300346",
      "global_300347",
      "global_300348",
      "global_300349",
      "global_300352",
      "global_300674",
      "global_600001",
      "global_700027",
      "global_700028",
      "global_700029",
      "global_900001",
      "global_900002",
      "global_900003",
      "global_900004",
      "global_900005",
      "global_900006",
      "global_900007",
      "global_900008",
      "global_900009",
      "global_900010",
      "global_900011",
      "global_900012",
      "global_900013",
      "global_900014",
      "global_900015",
      "global_900016",
      "global_900017",
      "global_900018",
      "global_900019",
      "global_900020",
      "global_900021",
      "global_900022",
      "global_900023",
      "global_900024",
      "global_900025",
      "global_900026",
      "global_900027",
      "global_900028",
      "global_900029",
      "global_900030",
      "global_900031",
      "global_900032",
      "global_900033",
      "global_900034",
      "global_900035",
      "global_900036",
      "global_900037",
      "global_900038",
      "global_900039",
      "global_900040",
      "global_900041",
      "global_900042",
      "global_900043",
      "global_900044",
      "global_900045",
      "global_900046",
      "global_900047",
      "global_900048",
      "global_900049",
      "global_900050",
      "global_900051",
      "global_900052",
      "global_900053",
      "global_900054",
      "global_900055",
      "global_900056",
      "global_900057",
      "global_900058",
      "global_900060",
      "global_900065",
      "global_900070",
      "global_900071",
      "global_900072",
      "global_900073",
      "global_900074",
      "global_900075",
      "global_900076",
      "global_900077",
      "global_900080",
      "global_900081",
      "global_900087",
      "global_900090",
      "global_910003",
      "global_910004",
      "global_910009",
      "global_910010",
      "global_910012",
      "global_910013",
      "global_910014",
      "global_910031",
      "global_910033",
      "global_910035",
      "global_910036",
      "global_910037",
      "global_910038",
      "global_910042",
      "global_910044",
      "global_910074",
      "global_910075",
      "global_910076",
      "global_910077",
      "global_910082",
      "global_910083",
      "global_910084",
      "global_910085",
      "global_910086",
      "global_910088"
    ]
  },
  {
    "name": "RuleCodeDocvParser",
    "kinesisStream": "ruleCodeDocvStream",
    "ruleCodes": [
      "aival_100002",
      "aival_100003",
      "aival_100004",
      "aival_100006",
      "aival_100016",
      "aival_100018",
      "aival_100120",
      "aival_100122",
      "aival_100123",
      "aival_100125",
      "aival_100129",
      "aival_100130",
      "aival_100131",
      "aival_100133",
      "aival_100135",
      "aival_100401",
      "aival_100404",
      "aival_100407",
      "aival_100410",
      "aival_100414",
      "aival_100509",
      "aival_100603",
      "aival_100604",
      "aival_100605",
      "aival_100701",
      "aival_100702",
      "aival_100703",
      "aival_100704",
      "aival_100705",
      "aival_100706",
      "aival_100707",
      "aival_100708",
      "aival_100711",
      "aival_100712",
      "aival_100714",
      "aival_100715",
      "aival_100716",
      "aival_100719",
      "aival_100720",
      "aival_100721",
      "aival_100722",
      "aival_100723",
      "aival_100724",
      "aival_100725",
      "aival_100726",
      "aival_100727",
      "aival_100728",
      "aival_100729",
      "aival_100730",
      "aival_100731",
      "aival_100732",
      "aival_100733",
      "aival_100735",
      "aival_300002",
      "aival_300003",
      "aival_300004",
      "aival_300005",
      "aival_300006",
      "aival_300007",
      "aival_300008",
      "aival_300009",
      "aival_300010",
      "aival_300011",
      "aival_300012",
      "aival_300013",
      "aival_300014",
      "aival_300015",
      "aival_300016",
      "aival_300017",
      "aival_300018",
      "aival_300019",
      "aival_300020",
      "aival_300021",
      "aival_300022",
      "aival_300023",
      "aival_300024",
      "aival_300025",
      "aival_300026",
      "aival_300027",
      "aival_300028",
      "aival_300029",
      "aival_300030",
      "aival_300031",
      "aival_300032",
      "aival_300033",
      "aival_300034",
      "aival_300035",
      "aival_300036",
      "aival_300037",
      "aival_300038",
      "aival_300311",
      "auval_100001",
      "auval_100002",
      "auval_100003",
      "auval_100004",
      "auval_100005",
      "auval_100006",
      "auval_100007",
      "auval_100008",
      "auval_100009",
      "auval_100010",
      "auval_100011",
      "auval_100012",
      "auval_100013",
      "auval_100014",
      "auval_100015",
      "auval_100016",
      "auval_100017",
      "auval_100018",
      "auval_100019",
      "auval_100102",
      "auval_100113",
      "auval_100114",
      "auval_100115",
      "auval_100120",
      "auval_100121",
      "auval_100122",
      "auval_100123",
      "auval_100124",
      "auval_100125",
      "auval_100126",
      "auval_100127",
      "auval_100128",
      "auval_100129",
      "auval_100130",
      "auval_100131",
      "auval_100132",
      "auval_100133",
      "auval_100134",
      "auval_100301",
      "auval_100302",
      "auval_100303",
      "auval_100304",
      "auval_100305",
      "auval_100306",
      "auval_100307",
      "auval_100308",
      "auval_100309",
      "auval_100401",
      "auval_100402",
      "auval_100403",
      "auval_100404",
      "auval_100405",
      "auval_100406",
      "auval_100407",
      "auval_100408",
      "auval_100409",
      "auval_100410",
      "auval_100411",
      "auval_100412",
      "auval_100413",
      "auval_100414",
      "auval_100415",
      "auval_100501",
      "auval_100502",
      "auval_100503",
      "auval_100504",
      "auval_100505",
      "auval_100506",
      "auval_100507",
      "auval_100508",
      "auval_100509",
      "auval_100510",
      "auval_100511",
      "auval_100512",
      "auval_100513",
      "auval_100514",
      "auval_100515",
      "auval_100516",
      "auval_100517",
      "auval_100518",
      "auval_100519",
      "auval_100520",
      "auval_100521",
      "auval_100522",
      "auval_100523",
      "auval_100524",
      "auval_100525",
      "auval_100526",
      "auval_100527",
      "auval_100528",
      "auval_100529",
      "auval_100530",
      "auval_100531",
      "auval_100532",
      "auval_100533",
      "auval_100534",
      "auval_100601",
      "auval_100602",
      "auval_100603",
      "auval_100604",
      "auval_100605"
    ]
  },
  {
    "name": "RuleCodeFraudParser",
    "kinesisStream": "ruleCodeFraudStream",
    "ruleCodes": [
      "alval_100001",
      "alval_100002",
      "alval_100003",
      "alval_100004",
      "alval_100005",
      "alval_100006",
      "alval_100135",
      "asanl_100500",
      "asanl_100501",
      "asanl_100502",
      "asanl_100503",
      "blval_100001",
      "blval_100130",
      "blval_100131",
      "blval_100135",
      "coval_100130",
      "coval_100131",
      "coval_400010",
      "coval_400011",
      "coval_400012",
      "coval_400013",
      "coval_400014",
      "coval_400015",
      "coval_400016",
      "coval_400017",
      "coval_400018",
      "coval_400019",
      "coval_400020",
      "coval_400021",
      "coval_400022",
      "deval_100001",
      "deval_100002",
      "deval_100003",
      "deval_100004",
      "deval_100005",
      "deval_100006",
      "deval_100007",
      "deval_100008",
      "deval_100009",
      "deval_100010",
      "deval_100011",
      "deval_100012",
      "deval_100013",
      "deval_100014",
      "deval_100015",
      "deval_100016",
      "deval_100017",
      "deval_100018",
      "deval_100019",
      "deval_100020",
      "deval_100021",
      "deval_100022",
      "deval_100023",
      "deval_100024",
      "deval_100025",
      "deval_100026",
      "deval_100027",
      "deval_100028",
      "deval_100029",
      "deval_100030",
      "deval_100031",
      "deval_100032",
      "deval_100033",
      "deval_100034",
      "deval_100035",
      "deval_100036",
      "deval_100037",
      "deval_100038",
      "deval_100039",
      "deval_100040",
      "deval_100041",
      "deval_100042",
      "deval_100043",
      "deval_100045",
      "deval_100046",
      "deval_100047",
      "deval_100048",
      "deval_100049",
      "deval_100050",
      "deval_100051",
      "deval_100052",
      "deval_100053",
      "deval_100054",
      "deval_100055",
      "deval_100056",
      "deval_100057",
      "deval_100058",
      "deval_100059",
      "deval_100060",
      "deval_100061",
      "deval_100062",
      "deval_100130",
      "deval_100131",
      "deval_100135",
      "dfpvl_100001",
      "dfpvl_100002",
      "dfpvl_100003",
      "dfpvl_100004",
      "dfpvl_100005",
      "dfpvl_100006",
      "dfpvl_100007",
      "dfpvl_100008",
      "dfpvl_100009",
      "dfpvl_100010",
      "dfpvl_100011",
      "dfpvl_100012",
      "dfpvl_100013",
      "dfpvl_100014",
      "dfpvl_100015",
      "dfpvl_100016",
      "dfpvl_100017",
      "dfpvl_100018",
      "dfpvl_100019",
      "dfpvl_100020",
      "dfpvl_100021",
      "dfpvl_100022",
      "dfpvl_100023",
      "dfpvl_100024",
      "dfpvl_100025",
      "dfpvl_100026",
      "dfpvl_100027",
      "dfpvl_100028",
      "dfpvl_100029",
      "dfpvl_100030",
      "dfpvl_100031",
      "dfpvl_100032",
      "dfpvl_100033",
      "dfpvl_100034",
      "dfpvl_100035",
      "dfpvl_100036",
      "dfpvl_100037",
      "dfpvl_100038",
      "dfpvl_100039",
      "dfpvl_100040",
      "dfpvl_100041",
      "dfpvl_100042",
      "dfpvl_100043",
      "dfpvl_100044",
      "dfpvl_100045",
      "dfpvl_100046",
      "dfpvl_100047",
      "dfpvl_100048",
      "dfpvl_100049",
      "dfpvl_100050",
      "dfpvl_100051",
      "dfpvl_100052",
      "dfpvl_100053",
      "dfpvl_100054",
      "dfpvl_100055",
      "dfpvl_100056",
      "dfpvl_100057",
      "dfpvl_100058",
      "dfpvl_100059",
      "dfpvl_100060",
      "dfpvl_100061",
      "dfpvl_100062",
      "dfpvl_100063",
      "dfpvl_100064",
      "dfpvl_100065",
      "dfpvl_100066",
      "dfpvl_100067",
      "dfpvl_100068",
      "dfpvl_100069",
      "dfpvl_100070",
      "dfpvl_100071",
      "dfpvl_100072",
      "dfpvl_100073",
      "dfpvl_100074",
      "dfpvl_100075",
      "dfpvl_100076",
      "dfpvl_100077",
      "dfpvl_100078",
      "dfpvl_100079",
      "dfpvl_100080",
      "dfpvl_100081",
      "dfpvl_100082",
      "dfpvl_100083",
      "dfpvl_100084",
      "dfpvl_100085",
      "dfpvl_100086",
      "dfpvl_100087",
      "dfpvl_100088",
      "dfpvl_100089",
      "dfpvl_100090",
      "dfpvl_100091",
      "dfpvl_100092",
      "dfpvl_100093",
      "dfpvl_100094",
      "dfpvl_100095",
      "dfpvl_100096",
      "dfpvl_100097",
      "dfpvl_100098",
      "dfpvl_100099",
      "dfpvl_100100",
      "dfpvl_100101",
      "dfpvl_100102",
      "dfpvl_100103",
      "dfpvl_100104",
      "dfpvl_100105",
      "dfpvl_100106",
      "dfpvl_100107",
      "dfpvl_100108",
      "dfpvl_100109",
      "dfpvl_100110",
      "dfpvl_100111",
      "dfpvl_100112",
      "dfpvl_100113",
      "dfpvl_100114",
      "dfpvl_100115",
      "dfpvl_100116",
      "dfpvl_100117",
      "dfpvl_100118",
      "dfpvl_100119",
      "dfpvl_100120",
      "dfpvl_100121",
      "dfpvl_100131",
      "dfpvl_100135",
      "dfpvl_200001",
      "dfpvl_200002",
      "dfpvl_200003",
      "dfpvl_200004",
      "dfpvl_200005",
      "dfpvl_200006",
      "dfpvl_200007",
      "dfpvl_200008",
      "dfpvl_200009",
      "dfpvl_200010",
      "dfpvl_200011",
      "dfpvl_200012",
      "dfpvl_200014",
      "dfpvl_200015",
      "dfpvl_200016",
      "dfpvl_300001",
      "dfpvl_300002",
      "dfpvl_300003",
      "dfpvl_300004",
      "dfpvl_300005",
      "dfpvl_300006",
      "dfpvl_300007",
      "dfpvl_300008",
      "dfpvl_300009",
      "dfpvl_300010",
      "dfpvl_300011",
      "dfpvl_300012",
      "dfpvl_300013",
      "dfpvl_300014",
      "dfpvl_300015",
      "dfpvl_300016",
      "dfpvl_300017",
      "dfpvl_300018",
      "dfpvl_300019",
      "dfpvl_300020",
      "dfpvl_300021",
      "dfpvl_300022",
      "dfpvl_300023",
      "dfpvl_300024",
      "dfpvl_300025",
      "dfpvl_300026",
      "dfpvl_300027",
      "dfpvl_300028",
      "dfpvl_300029",
      "dfpvl_300030",
      "dfpvl_300031",
      "dfpvl_300032",
      "dfpvl_300033",
      "dfpvl_300034",
      "dfpvl_300035",
      "dfpvl_300036",
      "dfpvl_300038",
      "dfpvl_300039",
      "dfpvl_300040",
      "dfpvl_300042",
      "dfpvl_400001",
      "dfpvl_400002",
      "dfpvl_400003",
      "dfpvl_400004",
      "dfpvl_400005",
      "dfpvl_400006",
      "dfpvl_400007",
      "dfpvl_400008",
      "dfpvl_400009",
      "dfpvl_400010",
      "dfpvl_400011",
      "dfpvl_400012",
      "dfpvl_400013",
      "dfpvl_400014",
      "dfpvl_400015",
      "dfpvl_400016",
      "dfpvl_400017",
      "dfpvl_400018",
      "dfpvl_400019",
      "dfpvl_400020",
      "dfpvl_400021",
      "dfpvl_500001",
      "dfpvl_500002",
      "dfpvl_500003",
      "dfpvl_500004",
      "dfpvl_500005",
      "dfpvl_500006",
      "dfpvl_500007",
      "dfpvl_500008",
      "dfpvl_500009",
      "dfpvl_500010",
      "dfpvl_500011",
      "dfpvl_500012",
      "dfpvl_500013",
      "dfpvl_500014",
      "dfpvl_500015",
      "dfpvl_500016",
      "dfpvl_500017",
      "dfpvl_500018",
      "dfpvl_500019",
      "dfpvl_500020",
      "dfpvl_500021",
      "dfpvl_500022",
      "dfpvl_500023",
      "dfpvl_500024",
      "dfpvl_500025",
      "dfpvl_500026",
      "dfpvl_500027",
      "dfpvl_500028",
      "dfpvl_500029",
      "dfpvl_500030",
      "dfpvl_600001",
      "dfpvl_600002",
      "dfpvl_600003",
      "dfpvl_600004",
      "dfpvl_600005",
      "dfpvl_600006",
      "dfpvl_600007",
      "dfpvl_600008",
      "dfpvl_600009",
      "dfpvl_600010",
      "dfpvl_600011",
      "dfpvl_600012",
      "dfpvl_600013",
      "dfpvl_600014",
      "dfpvl_600015",
      "dfpvl_600016",
      "dfpvl_600017",
      "dfpvl_600018",
      "dfpvl_600019",
      "dfpvl_600020",
      "dfpvl_600021",
      "dfpvl_600022",
      "dfpvl_600023",
      "dfpvl_600024",
      "dfpvl_600025",
      "exavl_100000",
      "exavl_100001",
      "exavl_100002",
      "exavl_100003",
      "exavl_100004",
      "exavl_100005",
      "exavl_100006",
      "exavl_100007",
      "exavl_100008",
      "exavl_100009",
      "exavl_100021",
      "exavl_100024",
      "exavl_100026",
      "exavl_100028",
      "exavl_100029",
      "exavl_100130",
      "exavl_100131",
      "exavl_100135",
      "exevl_100000",
      "exevl_100001",
      "exevl_100002",
      "exevl_100003",
      "exevl_100004",
      "exevl_100005",
      "exevl_100006",
      "exevl_100007",
      "exevl_100008",
      "exevl_100009",
      "exevl_100010",
      "exevl_100011",
      "exevl_100012",
      "exevl_100013",
      "exevl_100014",
      "exevl_100015",
      "exevl_100016",
      "exevl_100017",
      "exevl_100018",
      "exevl_100019",
      "exevl_100020",
      "exevl_100021",
      "exevl_100022",
      "exevl_100023",
      "exevl_100024",
      "exevl_100025",
      "exevl_100026",
      "exevl_100027",
      "exevl_100028",
      "exevl_100029",
      "exevl_100030",
      "exevl_100031",
      "exevl_100032",
      "exevl_100033",
      "exevl_100034",
      "exevl_100035",
      "exevl_100036",
      "exevl_100037",
      "exevl_100041",
      "exevl_100043",
      "exevl_100045",
      "exevl_100047",
      "exevl_100048",
      "exevl_100130",
      "exevl_100131",
      "exevl_100135",
      "exevl_exe_invoke_success",
      "expvl_100000",
      "expvl_100001",
      "expvl_100002",
      "expvl_100003",
      "expvl_100004",
      "expvl_100005",
      "expvl_100006",
      "expvl_100007",
      "expvl_100008",
      "expvl_100009",
      "expvl_100010",
      "expvl_100021",
      "expvl_100024",
      "expvl_100026",
      "expvl_100028",
      "expvl_100029",
      "expvl_100130",
      "expvl_100131",
      "expvl_100135",
      "expvl_200001",
      "expvl_200002",
      "expvl_200003",
      "expvl_200004",
      "expvl_200005",
      "expvl_200006",
      "expvl_200007",
      "expvl_200008",
      "expvl_200009",
      "expvl_200010",
      "expvl_200011",
      "expvl_200012",
      "expvl_200013",
      "expvl_200014",
      "expvl_200015",
      "expvl_200016",
      "expvl_200017",
      "expvl_200018",
      "expvl_200019",
      "expvl_200020",
      "expvl_200021",
      "expvl_200022",
      "expvl_200023",
      "expvl_200024",
      "expvl_200025",
      "expvl_200026",
      "expvl_200027",
      "expvl_200028",
      "expvl_200029",
      "expvl_200030",
      "expvl_200031",
      "expvl_200032",
      "expvl_200033",
      "expvl_200034",
      "expvl_200035",
      "expvl_200036",
      "expvl_200037",
      "expvl_200038",
      "expvl_200039",
      "expvl_200040",
      "expvl_200041",
      "expvl_200042",
      "expvl_200043",
      "expvl_200044",
      "expvl_200045",
      "expvl_200046",
      "expvl_200047",
      "expvl_200048",
      "expvl_200049",
      "expvl_300001",
      "expvl_300002",
      "expvl_300003",
      "expvl_300004",
      "expvl_300005",
      "expvl_300006",
      "expvl_300007",
      "expvl_300008",
      "expvl_300009",
      "expvl_300010",
      "expvl_300011",
      "expvl_300012",
      "expvl_300013",
      "expvl_300014",
      "expvl_300015",
      "expvl_300016",
      "expvl_300017",
      "expvl_300018",
      "expvl_300019",
      "expvl_400001",
      "expvl_400002",
      "expvl_400003",
      "expvl_400004",
      "expvl_400005",
      "expvl_400006",
      "expvl_400007",
      "expvl_400008",
      "expvl_400009",
      "expvl_400010",
      "expvl_400011",
      "expvl_400012",
      "expvl_400013",
      "expvl_400014",
      "expvl_400015",
      "expvl_400016",
      "expvl_400017",
      "expvl_400018",
      "expvl_400019",
      "expvl_400020",
      "expvl_400021",
      "expvl_400022",
      "expvl_400023",
      "expvl_400024",
      "expvl_400025",
      "expvl_400026",
      "exsvl_100000",
      "exsvl_100130",
      "exsvl_100131",
      "exsvl_100135",
      "exsvl_200001",
      "exsvl_200002",
      "exsvl_200003",
      "exsvl_200004",
      "exsvl_200005",
      "exsvl_200006",
      "exsvl_200007",
      "exsvl_200008",
      "exsvl_200009",
      "exsvl_200010",
      "exsvl_200011",
      "exsvl_200012",
      "exsvl_200013",
      "exsvl_200014",
      "exsvl_200015",
      "exsvl_200016",
      "exsvl_200017",
      "exsvl_200018",
      "exsvl_200019",
      "exsvl_200020",
      "exsvl_200021",
      "exsvl_200022",
      "exsvl_200023",
      "exsvl_200024",
      "exsvl_200025",
      "exsvl_200026",
      "exsvl_200027",
      "exsvl_200028",
      "exsvl_200029",
      "exsvl_200030",
      "exsvl_200031",
      "exsvl_200032",
      "exsvl_200033",
      "exsvl_200034",
      "exsvl_200035",
      "exsvl_200036",
      "exsvl_200037",
      "exsvl_200038",
      "exsvl_200039",
      "exsvl_200040",
      "exsvl_200041",
      "exsvl_200042",
      "exsvl_200043",
      "exsvl_200044",
      "exsvl_200045",
      "exsvl_200046",
      "exsvl_200047",
      "exsvl_200048",
      "exsvl_200049",
      "exsvl_200050",
      "exsvl_300001",
      "exsvl_300002",
      "exsvl_300004",
      "exsvl_300005",
      "exsvl_300006",
      "exsvl_300007",
      "exsvl_300008",
      "exsvl_300009",
      "exsvl_300010",
      "exsvl_300011",
      "exsvl_300012",
      "exsvl_300014",
      "exsvl_300015",
      "exsvl_300016",
      "exsvl_300017",
      "exsvl_300018",
      "exsvl_300019",
      "exsvl_300020",
      "exsvl_300021",
      "exsvl_300022",
      "exsvl_400001",
      "exsvl_400002",
      "exsvl_400003",
      "exsvl_400004",
      "exsvl_400005",
      "exsvl_400006",
      "exsvl_400007",
      "exsvl_400008",
      "exsvl_400009",
      "exsvl_400010",
      "exsvl_400013",
      "exsvl_400014",
      "exsvl_400015",
      "exsvl_400016",
      "exsvl_400017",
      "exsvl_400018",
      "exsvl_400019",
      "exsvl_400020",
      "exsvl_400021",
      "exsvl_400022",
      "exsvl_400023",
      "exsvl_400024",
      "exsvl_400025",
      "exsvl_400026",
      "exsvl_400027",
      "exsvl_400028",
      "exsvl_400029",
      "exxvl_100003",
      "exxvl_100009",
      "exxvl_100019",
      "exxvl_100021",
      "exxvl_100025",
      "exxvl_100027",
      "exxvl_100032",
      "exxvl_100033",
      "exxvl_100038",
      "exxvl_100040",
      "exxvl_100041",
      "exxvl_100054",
      "exxvl_100061",
      "exxvl_100062",
      "exxvl_100063",
      "exxvl_100068",
      "exxvl_100069",
      "exxvl_100071",
      "exxvl_100073",
      "exxvl_100077",
      "exxvl_100078",
      "exxvl_100079",
      "exxvl_100085",
      "exxvl_100086",
      "exxvl_100087",
      "exxvl_100089",
      "exxvl_100091",
      "exxvl_100093",
      "exxvl_100094",
      "exxvl_100095",
      "exxvl_100096",
      "exxvl_100097",
      "exxvl_100098",
      "exxvl_100099",
      "exxvl_100100",
      "exxvl_100101",
      "exxvl_100102",
      "exxvl_100103",
      "exxvl_100104",
      "exxvl_100105",
      "exxvl_100106",
      "exxvl_100108",
      "exxvl_100109",
      "exxvl_100110",
      "exxvl_100111",
      "exxvl_100112",
      "exxvl_100113",
      "exxvl_100114",
      "exxvl_100115",
      "exxvl_100116",
      "exxvl_100117",
      "exxvl_100118",
      "exxvl_100119",
      "exxvl_100120",
      "exxvl_100121",
      "exxvl_100122",
      "exxvl_100130",
      "exxvl_100131",
      "exxvl_100135",
      "exxvl_100140",
      "exxvl_100141",
      "exxvl_100151",
      "exxvl_100152",
      "exxvl_100153",
      "exxvl_100154",
      "exxvl_100155",
      "exxvl_100201",
      "exxvl_100202",
      "exxvl_100203",
      "exxvl_100204",
      "exxvl_100205",
      "exxvl_100206",
      "exxvl_100207",
      "exxvl_100208",
      "exxvl_100209",
      "fcevl_100000",
      "fcevl_100001",
      "fcevl_100002",
      "fcevl_100003",
      "fcevl_100004",
      "fcevl_100005",
      "fcevl_100006",
      "fcevl_100007",
      "fcevl_100008",
      "fcevl_100009",
      "fcevl_100010",
      "fcevl_100011",
      "fcevl_100012",
      "fcevl_100013",
      "fcevl_100014",
      "fcevl_100015",
      "fcevl_100016",
      "fcevl_100017",
      "fcevl_100018",
      "fcevl_100019",
      "fcevl_100020",
      "fcevl_100021",
      "fcevl_100022",
      "fcevl_100024",
      "fcevl_100025",
      "fcevl_100026",
      "fcevl_100027",
      "fcevl_100028",
      "fcevl_100029",
      "fcevl_100030",
      "fcevl_100031",
      "fcevl_100032",
      "fcevl_100033",
      "fcevl_100034",
      "fcevl_100035",
      "fcevl_100036",
      "fcevl_100037",
      "fcevl_100038",
      "fcevl_100039",
      "fcevl_100040",
      "fcevl_100041",
      "fcevl_100042",
      "fcevl_100043",
      "fcevl_100044",
      "fcevl_100045",
      "fcevl_100046",
      "fcevl_100047",
      "fcevl_100048",
      "fcevl_100049",
      "fcevl_100050",
      "fcevl_100051",
      "fcevl_100052",
      "fcevl_100053",
      "fcevl_100054",
      "fcevl_100055",
      "fcevl_100056",
      "fcevl_100057",
      "fcevl_100058",
      "fcevl_100059",
      "fcevl_100060",
      "fcevl_100061",
      "fcevl_100062",
      "fcevl_100063",
      "fcevl_100064",
      "fcevl_100065",
      "fcevl_100066",
      "fcevl_100067",
      "fcevl_100068",
      "fcevl_100069",
      "fcevl_100070",
      "fcevl_100071",
      "fcevl_100072",
      "fcevl_100073",
      "fcevl_100076",
      "fcevl_100081",
      "fcevl_100083",
      "fcevl_100085",
      "fcevl_100086",
      "fcevl_100087",
      "fcevl_100130",
      "fcevl_100131",
      "fcevl_100135",
      "fcevl_fc_internal_error",
      "fcevl_fc_response_ok",
      "fvanl_100130",
      "fvanl_100131",
      "fvanl_100135",
      "fvanl_400001",
      "fvanl_400002",
      "fvanl_400003",
      "fvanl_400010",
      "fvanl_400011",
      "fvanl_400012",
      "fvanl_400013",
      "fvanl_400014",
      "fvanl_400015",
      "fvanl_400016",
      "fvanl_400017",
      "fvanl_400018",
      "fvanl_400019",
      "fvanl_400020",
      "fvanl_400021",
      "fvanl_400022",
      "ifavl_100000",
      "ifavl_100001",
      "ifavl_100002",
      "ifavl_100003",
      "ifavl_100004",
      "ifavl_100005",
      "ifavl_100006",
      "ifavl_100007",
      "ifavl_100008",
      "ifavl_100009",
      "ifavl_100010",
      "ifavl_100011",
      "ifavl_100012",
      "ifavl_100013",
      "ifavl_100014",
      "ifavl_100015",
      "ifavl_100016",
      "ifavl_100017",
      "ifavl_100018",
      "ifavl_100019",
      "ifavl_100020",
      "ifavl_100130",
      "ifavl_100131",
      "ifavl_100135",
      "ifevl_100000",
      "ifevl_100001",
      "ifevl_100002",
      "ifevl_100003",
      "ifevl_100004",
      "ifevl_100005",
      "ifevl_100006",
      "ifevl_100007",
      "ifevl_100008",
      "ifevl_100009",
      "ifevl_100010",
      "ifevl_100011",
      "ifevl_100013",
      "ifevl_100014",
      "ifevl_100015",
      "ifevl_100016",
      "ifevl_100017",
      "ifevl_100018",
      "ifevl_100019",
      "ifevl_100020",
      "ifevl_100021",
      "ifevl_100022",
      "ifevl_100023",
      "ifevl_100024",
      "ifevl_100130",
      "ifevl_100131",
      "ifevl_100135",
      "ifivl_100000",
      "ifivl_100001",
      "ifivl_100002",
      "ifivl_100003",
      "ifivl_100004",
      "ifivl_100005",
      "ifivl_100006",
      "ifivl_100007",
      "ifivl_100008",
      "ifivl_100009",
      "ifivl_100010",
      "ifivl_100011",
      "ifivl_100012",
      "ifivl_100013",
      "ifivl_100014",
      "ifivl_100015",
      "ifivl_100016",
      "ifivl_100130",
      "ifivl_100131",
      "ifivl_100135",
      "ifpvl_100000",
      "ifpvl_100001",
      "ifpvl_100002",
      "ifpvl_100003",
      "ifpvl_100004",
      "ifpvl_100005",
      "ifpvl_100006",
      "ifpvl_100007",
      "ifpvl_100008",
      "ifpvl_100009",
      "ifpvl_100010",
      "ifpvl_100011",
      "ifpvl_100012",
      "ifpvl_100013",
      "ifpvl_100014",
      "ifpvl_100015",
      "ifpvl_100016",
      "ifpvl_100017",
      "ifpvl_100018",
      "ifpvl_100019",
      "ifpvl_100020",
      "ifpvl_100021",
      "ifpvl_100022",
      "ifpvl_100023",
      "ifpvl_100130",
      "ifpvl_100131",
      "ifpvl_100135",
      "rkval_100130",
      "rkval_100131",
      "rkval_400001",
      "rkval_400002",
      "rkval_400003",
      "rkval_400004",
      "rkval_400005",
      "rkval_400006",
      "rkval_400007",
      "rkval_400008",
      "rkval_400009",
      "smsvl_100001",
      "smsvl_100002",
      "smsvl_100003",
      "smsvl_100004",
      "smsvl_100005",
      "smsvl_100006",
      "smsvl_100007",
      "smsvl_100008",
      "smsvl_100009",
      "smsvl_100010",
      "smsvl_100011",
      "smsvl_100012",
      "smsvl_100013",
      "smsvl_100014",
      "smsvl_100015",
      "smsvl_100016",
      "smsvl_100017",
      "smsvl_100018",
      "smsvl_100019",
      "smsvl_100020",
      "smsvl_100021",
      "smsvl_100022",
      "smsvl_100023",
      "smsvl_100024",
      "smsvl_100025",
      "smsvl_100026",
      "smsvl_100027",
      "smsvl_100028",
      "smsvl_100029",
      "smsvl_100030",
      "smsvl_100031",
      "smsvl_100032",
      "smsvl_100033",
      "smsvl_100034",
      "smsvl_100035",
      "smsvl_100036",
      "smsvl_100037",
      "smsvl_100038",
      "smsvl_100039",
      "smsvl_100040",
      "smsvl_100041",
      "smsvl_100042",
      "smsvl_100043",
      "smsvl_100044",
      "smsvl_100045",
      "smsvl_100046",
      "smsvl_100047",
      "smsvl_100048",
      "smsvl_100049",
      "smsvl_100050",
      "smsvl_100051",
      "smsvl_100052",
      "smsvl_100053",
      "smsvl_100054",
      "smsvl_100055",
      "smsvl_100056",
      "smsvl_100057",
      "smsvl_100058",
      "smsvl_100100",
      "smsvl_100130",
      "smsvl_100131",
      "smsvl_100135",
      "ssevl_100000",
      "ssevl_100001",
      "ssevl_100002",
      "ssevl_100003",
      "ssevl_100004",
      "ssevl_100005",
      "ssevl_100006",
      "ssevl_100007",
      "ssevl_100008",
      "ssevl_100009",
      "ssevl_100010",
      "ssevl_100011",
      "ssevl_100012",
      "ssevl_100013",
      "ssevl_100014",
      "ssevl_100015",
      "ssevl_100016",
      "ssevl_100017",
      "ssevl_100018",
      "ssevl_100019",
      "ssevl_100020",
      "ssevl_100021",
      "ssevl_100022",
      "ssevl_100023",
      "ssevl_100024",
      "ssevl_100025",
      "ssevl_100026",
      "ssevl_100027",
      "ssevl_100028",
      "ssevl_100029",
      "ssevl_100030",
      "ssevl_100031",
      "ssevl_100032",
      "ssevl_100033",
      "ssevl_100034",
      "ssevl_100035",
      "ssevl_100036",
      "ssevl_100041",
      "ssevl_100043",
      "ssevl_100045",
      "ssevl_100047",
      "ssevl_100130",
      "ssevl_100131",
      "ssevl_100135",
      "tdevl_100000",
      "tdevl_100001",
      "tdevl_100002",
      "tdevl_100003",
      "tdevl_100004",
      "tdevl_100005",
      "tdevl_100006",
      "tdevl_100007",
      "tdevl_100008",
      "tdevl_100009",
      "tdevl_100010",
      "tdevl_100011",
      "tdevl_100012",
      "tdevl_100013",
      "tdevl_100014",
      "tdevl_100015",
      "tdevl_100016",
      "tdevl_100017",
      "tdevl_100018",
      "tdevl_100019",
      "tdevl_100020",
      "tdevl_100021",
      "tdevl_100022",
      "tdevl_100023",
      "tdevl_100024",
      "tdevl_100025",
      "tdevl_100026",
      "tdevl_100027",
      "tdevl_100028",
      "tdevl_100029",
      "tdevl_100030",
      "tdevl_100031",
      "tdevl_100032",
      "tdevl_100033",
      "tdevl_100034",
      "tdevl_100035",
      "tdevl_100036",
      "tdevl_100037",
      "tdevl_100038",
      "tdevl_100039",
      "tdevl_100040",
      "tdevl_100041",
      "tdevl_100043",
      "tdevl_100045",
      "tdevl_100050",
      "tdevl_100051",
      "tdevl_100130",
      "tdevl_100131",
      "tdevl_100135",
      "tdevl_200001",
      "tdevl_200002",
      "tdevl_200003",
      "tdevl_200004",
      "tdevl_200005",
      "tdevl_200006",
      "tdevl_200007",
      "tdevl_200008",
      "tdevl_300001",
      "tdevl_300002",
      "tdevl_300003",
      "tdevl_300004",
      "tdevl_300005",
      "tdevl_300006",
      "tdevl_300007",
      "tdevl_300008",
      "tdevl_300009",
      "tdevl_300010",
      "tdevl_300011",
      "tdevl_300012",
      "tdevl_400001",
      "tdevl_400002",
      "tdevl_400003",
      "tdevl_400004",
      "tdevl_400005",
      "tdevl_400006",
      "tdevl_500000",
      "tdevl_500001",
      "tdevl_500002",
      "tdevl_500003",
      "tdevl_500004",
      "tdevl_500005",
      "tdevl_500006",
      "tdevl_500007",
      "tdval_100031",
      "tdval_100032",
      "tdval_100033",
      "tdval_100034",
      "tdval_100035",
      "tdval_100036",
      "tdval_100037",
      "tdval_100038",
      "tdval_100039",
      "tdval_100040",
      "tdval_100041",
      "tdval_100042",
      "tdval_100043",
      "tdval_100044",
      "tdval_100045",
      "tdval_100046",
      "tdval_100047",
      "tdval_100048",
      "tdval_100049",
      "tdval_100050",
      "tdval_100051",
      "tdval_100052",
      "tdval_100053",
      "tdval_100054",
      "tdval_100055",
      "tdval_100130",
      "tdval_100131",
      "tdval_100135",
      "twanl_100001",
      "twanl_100002",
      "twanl_100003",
      "twanl_100004",
      "twanl_100005",
      "twanl_100006",
      "twanl_100007",
      "twanl_100008",
      "twanl_100009",
      "twanl_100010",
      "twanl_100011",
      "twanl_100012",
      "twanl_100015",
      "twanl_100016",
      "twanl_100017",
      "twanl_100018",
      "twanl_100019",
      "twanl_100020",
      "twanl_100021",
      "twanl_100029",
      "twanl_100503",
      "twanl_100504",
      "twanl_100505",
      "twanl_100506",
      "twanl_100507",
      "twanl_200001",
      "twanl_200002",
      "twanl_200003",
      "twanl_200004",
      "twanl_200005",
      "twanl_200006",
      "twanl_200007",
      "twanl_200008",
      "twanl_200009",
      "twanl_200010",
      "twanl_200011",
      "twanl_200012",
      "twanl_200015",
      "twanl_200016",
      "twanl_200017",
      "twanl_200018",
      "twanl_200020",
      "twanl_200021",
      "twanl_200022",
      "twanl_200023",
      "twanl_300001",
      "twanl_300002",
      "twanl_300003",
      "twanl_300004",
      "twanl_300005",
      "twanl_300006",
      "twanl_300007",
      "twanl_300008",
      "twanl_300009",
      "twanl_300010",
      "twanl_300011",
      "twanl_300012",
      "twanl_300013",
      "twanl_400001",
      "twanl_400002",
      "twanl_400003",
      "twanl_400004",
      "twanl_400005",
      "twanl_400006",
      "twanl_400007",
      "twanl_400008",
      "twanl_500001",
      "twanl_500002",
      "twanl_500003",
      "twval_100130",
      "twval_100131",
      "twval_100135",
      "twval_200126",
      "twval_200127",
      "twval_200131",
      "twval_500001",
      "twval_500003",
      "veivl_100000",
      "veivl_100001",
      "veivl_100002",
      "veivl_100003",
      "veivl_100004",
      "veivl_100005",
      "veivl_100006",
      "veivl_100007",
      "veivl_100008",
      "veivl_100009",
      "veivl_100010",
      "veivl_100011",
      "veivl_100012",
      "veivl_100013",
      "veivl_100014",
      "veivl_100015",
      "veivl_100016",
      "veivl_100017",
      "veivl_100018",
      "veivl_100019",
      "veivl_100020",
      "veivl_100021",
      "veivl_100022",
      "veivl_100023",
      "veivl_100024",
      "veivl_100025",
      "veivl_100026",
      "veivl_100027",
      "veivl_100028",
      "veivl_100029",
      "veivl_100030",
      "veivl_100031",
      "veivl_100032",
      "veivl_100033",
      "veivl_100034",
      "veivl_100035",
      "veivl_100036",
      "veivl_100037",
      "veivl_100038",
      "veivl_100039",
      "veivl_100040",
      "veivl_100041",
      "veivl_100042",
      "veivl_100043",
      "veivl_100044",
      "veivl_100045",
      "veivl_100046",
      "veivl_100130",
      "veivl_100131",
      "veivl_100135"
    ]
  },
  {
    "name": "RuleCodeFraudLegacyParser",
    "kinesisStream": "ruleCodeFraudLegacyStream",
    "ruleCodes": [
      "boval_100131",
      "boval_200127",
      "boval_600001",
      "boval_600002",
      "boval_600003",
      "boval_600006",
      "dvval_100130",
      "dvval_100131",
      "emval_100113",
      "emval_100114",
      "emval_100118",
      "emval_100126",
      "emval_100130",
      "emval_100131",
      "emval_100135",
      "emval_200125",
      "fbanl_100001",
      "fbanl_100003",
      "fbanl_100004",
      "fbanl_100005",
      "fbanl_100006",
      "fbanl_100007",
      "fbanl_100008",
      "fbanl_100010",
      "fbanl_100012",
      "fbanl_100013",
      "fbanl_100014",
      "fbanl_100015",
      "fbanl_100016",
      "fbanl_100017",
      "fbanl_100018",
      "fbanl_100019",
      "fbanl_100020",
      "fbanl_100029",
      "fbanl_200002",
      "fbanl_200003",
      "fbanl_200004",
      "fbanl_200005",
      "fbanl_200006",
      "fbanl_200007",
      "fbanl_200008",
      "fbanl_200009",
      "fbanl_200010",
      "fbanl_200011",
      "fbanl_200013",
      "fbanl_200014",
      "fbanl_200019",
      "fbanl_200020",
      "fbanl_300001",
      "fbanl_300002",
      "fbanl_300003",
      "fbanl_300004",
      "fbanl_300005",
      "fbanl_300006",
      "fbanl_300007",
      "fbanl_300008",
      "fbanl_300009",
      "fbanl_300010",
      "fbanl_300011",
      "fbanl_300012",
      "fbanl_300013",
      "fbanl_300014",
      "fbanl_300015",
      "fbanl_300016",
      "fbanl_300017",
      "fbanl_300018",
      "fbanl_300019",
      "fbanl_300020",
      "fbanl_300021",
      "fbanl_300022",
      "fbanl_300023",
      "fbanl_300024",
      "fbval_100130",
      "fbval_100131",
      "fbval_200127",
      "fbval_200131",
      "fbval_fbperm",
      "fbvkl_name",
      "fbvns_email",
      "fbvns_name",
      "fbvpn_name",
      "fbvwp_email",
      "fcpival_100136",
      "fcval_100117",
      "fcval_100130",
      "fcval_100131",
      "fcval_100135",
      "fcval_100199",
      "fcval_100601",
      "fcval_100602",
      "fcval_100603",
      "fcval_100604",
      "fcval_100611",
      "fcval_100612",
      "fcval_100613",
      "fcval_100614",
      "fcval_100621",
      "fcval_100622",
      "fcval_100623",
      "fcval_100624",
      "fcval_200126",
      "fcval_200127",
      "fcval_200128",
      "fcval_200277",
      "fcval_300001",
      "fcval_300002",
      "fcval_300003",
      "fcval_300004",
      "fcval_300005",
      "fcval_300006",
      "fcval_300007",
      "fcval_300008",
      "fcval_300009",
      "fcval_300010",
      "fcval_300011",
      "fcval_300012",
      "fcval_300013",
      "fcval_300014",
      "fcval_300021",
      "fcval_300022",
      "fcval_700011",
      "fcvfb_companyname",
      "fcvfb_dob",
      "fcvfb_email",
      "fcvfb_geocode",
      "fcvfb_name",
      "fcvfm_address",
      "fcvfm_companyname",
      "fcvfm_dob",
      "fcvfm_email",
      "fcvfm_geocode",
      "fcvfm_name",
      "fcvkl_name",
      "fcvns_address",
      "fcvns_email",
      "fcvns_name",
      "fcvpa_address",
      "fcvpa_companyname",
      "fcvpa_dob",
      "fcvpa_name",
      "fcvpi_address",
      "fcvpi_companyname",
      "fcvpi_dob",
      "fcvpi_email",
      "fcvpi_geocode",
      "fcvpi_name",
      "fcvpn_name",
      "fcvwp_email",
      "fmvfb_companyname",
      "fmvfb_dob",
      "fmvfb_email",
      "fmvfb_gender",
      "fmvfb_geocode",
      "fmvfb_name",
      "fmvfm_address",
      "fmvfm_companyname",
      "fmvfm_dob",
      "fmvfm_email",
      "fmvfm_gender",
      "fmvfm_geocode",
      "fmvfm_mobilenumber",
      "fmvfm_name",
      "fmvfm_nationalid",
      "fmvgp_email",
      "fmvgp_gender",
      "fmvgp_geocode",
      "fmvgp_name",
      "fmvkl_name",
      "fmvns_address",
      "fmvns_email",
      "fmvns_mobilenumber",
      "fmvns_name",
      "fmvpi_address",
      "fmvpi_companyname",
      "fmvpi_dob",
      "fmvpi_email",
      "fmvpi_gender",
      "fmvpi_geocode",
      "fmvpi_mobilenumber",
      "fmvpi_name",
      "fmvpn_name",
      "fmvtw_name",
      "fmvwp_email",
      "fmvwp_mobilenumber",
      "fsval_100131",
      "fsval_200127",
      "fsval_600001",
      "fsval_600002",
      "fsval_610001",
      "fsvfb_email",
      "fsvfb_name",
      "fsvfc_email",
      "fsvfc_name",
      "fsvfm_email",
      "fsvfm_name",
      "fsvkl_name",
      "fsvns_email",
      "fsvns_name",
      "fsvpa_name",
      "fsvpi_email",
      "fsvpi_name",
      "fsvpn_name",
      "fsvwp_email",
      "fvanl_100130",
      "fvanl_100131",
      "fvanl_100135",
      "fvanl_400001",
      "fvanl_400002",
      "fvanl_400003",
      "fvanl_400010",
      "fvanl_400011",
      "fvanl_400012",
      "fvanl_400013",
      "fvanl_400014",
      "fvanl_400015",
      "fvanl_400016",
      "fvanl_400017",
      "fvanl_400018",
      "fvanl_400019",
      "fvanl_400020",
      "fvanl_400021",
      "fvanl_400022",
      "gpanl_100001",
      "gpanl_100002",
      "gpanl_100003",
      "gpanl_100004",
      "gpanl_100005",
      "gpanl_100006",
      "gpanl_100007",
      "gpanl_100008",
      "gpanl_100009",
      "gpanl_100019",
      "gpanl_200001",
      "gpanl_200002",
      "gpanl_200003",
      "gpanl_200004",
      "gpanl_200005",
      "gpanl_200006",
      "gpanl_200007",
      "gpanl_200008",
      "gpanl_200009",
      "gpanl_300001",
      "gpanl_300002",
      "gpanl_300003",
      "gpanl_300004",
      "gpanl_300005",
      "gpanl_300006",
      "gpval_100130",
      "gpval_100131",
      "gpval_200127",
      "gpval_200131",
      "gpval_400001",
      "gpval_400002",
      "gpval_400003",
      "gpval_400004",
      "gpval_410001",
      "gpvfb_email",
      "gpvfb_gender",
      "gpvfb_name",
      "gpvfc_companyname",
      "gpvfc_email",
      "gpvfc_geocode",
      "gpvfc_name",
      "gpvkl_name",
      "gpvns_email",
      "gpvns_name",
      "gpvpn_name",
      "gpvwp_email",
      "hdval_100001",
      "hdval_100002",
      "hdval_100003",
      "hdval_100004",
      "hdval_100005",
      "hdval_100006",
      "hdval_100007",
      "hdval_100008",
      "hdval_100009",
      "hdval_100010",
      "hdval_100011",
      "hdval_100021",
      "hdval_100022",
      "hdval_100023",
      "hdval_100024",
      "hdval_100025",
      "hdval_100026",
      "hdval_100027",
      "hdval_100028",
      "hdval_100029",
      "hdval_100030",
      "hdval_100031",
      "hdval_100032",
      "hdval_100033",
      "hdval_100041",
      "hdval_100042",
      "hdval_100043",
      "hdval_100044",
      "hdval_100045",
      "hdval_100046",
      "hdval_100047",
      "hdval_100048",
      "hdval_100049",
      "hdval_100051",
      "hdval_100052",
      "hdval_100053",
      "hdval_100054",
      "hdval_100055",
      "hdval_100056",
      "hdval_100057",
      "hdval_100130",
      "hdval_100131",
      "hdval_100135",
      "ifval_100001",
      "ifval_100002",
      "ifval_100003",
      "ifval_100004",
      "ifval_100005",
      "ifval_100006",
      "ifval_100011",
      "ifval_100012",
      "ifval_100013",
      "ifval_100014",
      "ifval_100015",
      "ifval_100016",
      "ifval_100017",
      "ifval_100018",
      "ifval_100019",
      "ifval_100020",
      "ifval_100021",
      "ifval_100031",
      "ifval_100032",
      "ifval_100033",
      "ifval_100034",
      "ifval_100035",
      "ifval_100036",
      "ifval_100037",
      "ifval_100038",
      "ifval_100039",
      "ifval_100040",
      "ifval_100041",
      "ifval_100042",
      "ifval_100043",
      "ifval_100044",
      "ifval_100045",
      "ifval_100046",
      "ifval_100047",
      "ifval_100048",
      "ifval_100049",
      "ifval_100130",
      "ifval_100131",
      "ifval_100135",
      "ifval_200001",
      "ifval_200002",
      "ifval_200003",
      "ifval_200004",
      "ifval_200005",
      "ifval_200006",
      "ifval_200007",
      "ifval_200008",
      "ifval_200009",
      "ifval_200010",
      "ifval_200011",
      "ifval_200012",
      "ifval_200013",
      "ifval_200014",
      "ifval_200015",
      "ifval_300001",
      "ifval_300002",
      "ifval_300003",
      "ifval_300004",
      "ifval_300005",
      "ifval_300011",
      "ifval_300012",
      "ifval_300013",
      "ifval_300014",
      "ifval_300015",
      "ifval_300021",
      "ifval_300022",
      "ifval_300023",
      "ifval_300024",
      "ifval_300025",
      "ifval_300031",
      "ifval_300032",
      "ifval_300033",
      "ifval_300034",
      "ifval_300035",
      "ifval_300041",
      "ifval_300042",
      "ifval_300043",
      "ifval_300044",
      "ifval_300045",
      "ifval_300051",
      "ifval_300052",
      "ifval_300053",
      "ifval_300054",
      "ifval_300055",
      "ifval_300061",
      "ifval_300062",
      "ifval_300063",
      "ifval_300064",
      "ifval_300065",
      "ifval_300071",
      "ifval_300072",
      "ifval_400001",
      "ifval_400002",
      "ifval_400003",
      "ifval_400004",
      "igval_100130",
      "igval_100131",
      "imval_100131",
      "imval_800001",
      "imval_800002",
      "imval_800003",
      "imval_800004",
      "inanl_100001",
      "inanl_100002",
      "inanl_100003",
      "inanl_100004",
      "inanl_100005",
      "inanl_100006",
      "inanl_100007",
      "inanl_100008",
      "inanl_100009",
      "inanl_100010",
      "inanl_100011",
      "inanl_100012",
      "inanl_100130",
      "inanl_200000",
      "inanl_200001",
      "inanl_200002",
      "inanl_200003",
      "inanl_200004",
      "inanl_200005",
      "inanl_200006",
      "inanl_200007",
      "inanl_200011",
      "inanl_200012",
      "inanl_400001",
      "inanl_400002",
      "inanl_400003",
      "inanl_400004",
      "inanl_400005",
      "klvns_name",
      "klvpn_name",
      "klvtw_name",
      "lianl_100001",
      "lianl_100002",
      "lianl_100003",
      "lianl_100004",
      "lianl_100005",
      "lianl_100006",
      "lianl_100008",
      "lianl_100009",
      "lianl_100130",
      "lianl_100131",
      "lianl_100135",
      "lianl_100504",
      "lianl_100505",
      "lianl_100506",
      "lianl_100507",
      "lianl_200002",
      "lianl_200005",
      "lianl_200006",
      "lianl_200007",
      "lianl_200008",
      "lianl_200009",
      "lianl_200010",
      "lianl_200130",
      "lianl_300002",
      "lianl_300003",
      "lianl_300004",
      "lianl_300006",
      "lianl_300007",
      "lianl_400003",
      "lianl_400004",
      "lianl_400005",
      "lianl_400006",
      "lianl_400007",
      "lianl_400008",
      "lianl_987647",
      "lianl_987648",
      "lianl_987649",
      "lianl_987650",
      "lianl_987651",
      "lianl_987652",
      "lianl_987653",
      "lianl_987654",
      "lianl_987655",
      "lianl_987656",
      "lianl_987657",
      "lianl_987658",
      "lianl_987660",
      "lianl_987661",
      "lianl_987662",
      "lianl_987663",
      "lianl_987664",
      "lianl_987665",
      "lianl_987666",
      "lianl_987667",
      "lianl_987668",
      "lianl_987669",
      "lianl_987670",
      "lianl_987671",
      "lianl_987672",
      "lianl_987673",
      "lianl_987674",
      "lianl_987675",
      "lianl_987676",
      "lianl_987677",
      "lianl_987678",
      "lianl_987680",
      "lianl_987681",
      "lianl_987682",
      "lianl_987683",
      "lianl_987684",
      "lianl_987685",
      "lianl_987686",
      "lianl_987687",
      "lianl_987688",
      "lianl_987689",
      "lianl_987691",
      "lianl_987692",
      "lianl_987693",
      "lianl_987694",
      "lianl_987695",
      "lival_100130",
      "lival_100131",
      "lival_200126",
      "lival_200127",
      "lival_200130",
      "lival_200131",
      "nsval_100015",
      "nsval_100017",
      "nsval_100020",
      "nsval_100023",
      "nsval_100024",
      "nsval_100025",
      "nsval_100027",
      "nsval_100028",
      "nsval_100029",
      "nsval_100038",
      "nsval_100052",
      "nsval_100053",
      "nsval_100058",
      "nsval_100066",
      "nsval_100067",
      "nsval_100068",
      "nsval_100069",
      "nsval_100071",
      "nsval_100072",
      "nsval_100073",
      "nsval_100120",
      "nsval_100121",
      "nsval_100122",
      "nsval_100123",
      "nsval_100124",
      "nsval_100125",
      "nsval_100129",
      "nsval_100130",
      "nsval_100131",
      "nsval_100132",
      "nsval_100133",
      "nsval_100134",
      "nsval_100135",
      "nsval_300001",
      "nsval_300002",
      "nsval_300003",
      "nsval_300004",
      "nsval_300005",
      "nsval_300006",
      "nsval_300007",
      "nsval_300008",
      "nsval_300009",
      "nsval_300010",
      "nsval_300011",
      "nsval_300012",
      "nsval_300013",
      "nsval_300014",
      "nsval_300015",
      "nsval_300016",
      "nsval_300017",
      "nsval_300018",
      "nsval_300019",
      "nsval_300020",
      "nsval_300021",
      "nsval_300022",
      "nsval_300023",
      "nsval_300024",
      "nsval_300025",
      "nsval_300026",
      "nsval_300027",
      "nsval_300028",
      "nsval_300029",
      "nsval_300030",
      "nsval_300031",
      "nsval_300032",
      "nsval_300033",
      "nsval_300034",
      "nsval_300035",
      "nsval_300036",
      "nsval_300037",
      "nsval_300038",
      "nsval_300039",
      "nsval_300040",
      "nsval_300041",
      "nsval_300042",
      "paval_100117",
      "paval_100120",
      "paval_100130",
      "paval_100131",
      "paval_200127",
      "paval_200128",
      "pavfb_companyname",
      "pavfb_dob",
      "pavfb_gender",
      "pavfb_name",
      "pavfb_username",
      "pavfc_companyname",
      "pavfc_dob",
      "pavfc_geocode",
      "pavfc_name",
      "pavfm_address",
      "pavfm_companyname",
      "pavfm_dob",
      "pavfm_gender",
      "pavfm_geocode",
      "pavfm_mobilenumber",
      "pavfm_name",
      "pavpi_address",
      "pavpi_companyname",
      "pavpi_dob",
      "pavpi_gender",
      "pavpi_geocode",
      "pavpi_mobilenumber",
      "pavpi_name",
      "pavpi_username",
      "pavspi_image",
      "pbval_100116",
      "pbval_100117",
      "pbval_100118",
      "pbval_100119",
      "pbval_100120",
      "pbval_100130",
      "pbval_100131",
      "pbval_100601",
      "pbval_100602",
      "pbval_100603",
      "pbval_100604",
      "pbval_100611",
      "pbval_100612",
      "pbval_100613",
      "pbval_100614",
      "pbval_100621",
      "pbval_100622",
      "pbval_100623",
      "pbval_100624",
      "pbval_200126",
      "pbval_200127",
      "pbval_200128",
      "pbval_200201",
      "pbval_200203",
      "pbval_200204",
      "pbval_200205",
      "pbval_200206",
      "pbval_200208",
      "pbval_200209",
      "pbval_200210",
      "pbval_200211",
      "pbval_200212",
      "pbval_200213",
      "pbval_200214",
      "pbval_200215",
      "pbval_200216",
      "pbval_200235",
      "pbval_200238",
      "pbval_200243",
      "pbval_200244",
      "pbval_200245",
      "pbval_200246",
      "pbval_200247",
      "pbval_200248",
      "pbval_200249",
      "pbval_200250",
      "pbval_200251",
      "pbval_200252",
      "pbval_200253",
      "pbval_200254",
      "pbval_200255",
      "pbval_200256",
      "pbval_200257",
      "pbval_200259",
      "pbval_200260",
      "pbval_200261",
      "pbval_200262",
      "pbval_200263",
      "pbval_200264",
      "pbval_200265",
      "pbval_200266",
      "pbval_200267",
      "pbval_200268",
      "pbval_200269",
      "pbval_200270",
      "pbval_200271",
      "pbval_200272",
      "pbval_200273",
      "pbval_200274",
      "pbval_200275",
      "pbval_200276",
      "pbval_200277",
      "pbval_200278",
      "pbval_200279",
      "pbval_200280",
      "pbval_200281",
      "pbval_200282",
      "pbval_200283",
      "pbval_200284",
      "pbval_300101",
      "pbvfb_companyname",
      "pbvfb_dob",
      "pbvfb_email",
      "pbvfb_gender",
      "pbvfb_geocode",
      "pbvfb_name",
      "pbvfb_username",
      "pbvfc_address",
      "pbvfc_companyname",
      "pbvfc_dob",
      "pbvfc_email",
      "pbvfc_geocode",
      "pbvfc_name",
      "pbvfm_address",
      "pbvfm_companyname",
      "pbvfm_dob",
      "pbvfm_email",
      "pbvfm_gender",
      "pbvfm_geocode",
      "pbvfm_mobilenumber",
      "pbvfm_name",
      "pbvfs_email",
      "pbvfs_name",
      "pbvgp_companyname",
      "pbvgp_email",
      "pbvgp_geocode",
      "pbvgp_name",
      "pbvkl_name",
      "pbvns_address",
      "pbvns_email",
      "pbvns_mobilenumber",
      "pbvns_name",
      "pbvpn_name",
      "pbvtw_name",
      "pbvtw_username",
      "pbvwp_email",
      "pbvwp_mobilenumber",
      "pfivl_100001",
      "pfivl_100002",
      "pfivl_100003",
      "pfivl_100004",
      "pfivl_100005",
      "pfivl_100006",
      "pfivl_100007",
      "pfivl_100008",
      "pfivl_100009",
      "pfivl_100010",
      "pfivl_100011",
      "pfivl_100012",
      "pfivl_100013",
      "pfivl_100014",
      "pfivl_100015",
      "pfivl_100016",
      "pfivl_100017",
      "pfivl_100018",
      "pfivl_100019",
      "pfivl_100020",
      "pfivl_100021",
      "pfivl_100022",
      "pfivl_100023",
      "pfivl_100024",
      "pfivl_100025",
      "pfivl_100026",
      "pfivl_100027",
      "pfivl_100028",
      "pfivl_100029",
      "pfivl_100030",
      "pfivl_100031",
      "pfivl_100032",
      "pfivl_100033",
      "pfivl_100050",
      "pfivl_100051",
      "pfivl_100052",
      "pfivl_100053",
      "pfivl_100054",
      "pfivl_100055",
      "pfivl_100056",
      "pfivl_100057",
      "pfivl_100058",
      "pfivl_100059",
      "pfivl_100130",
      "pfivl_100131",
      "pfivl_100135",
      "pfvvl_100001",
      "pfvvl_100002",
      "pfvvl_100003",
      "pfvvl_100004",
      "pfvvl_100005",
      "pfvvl_100006",
      "pfvvl_100007",
      "pfvvl_100008",
      "pfvvl_100009",
      "pfvvl_100010",
      "pfvvl_100011",
      "pfvvl_100012",
      "pfvvl_100013",
      "pfvvl_100014",
      "pfvvl_100015",
      "pfvvl_100016",
      "pfvvl_100017",
      "pfvvl_100018",
      "pfvvl_100019",
      "pfvvl_100020",
      "pfvvl_100021",
      "pfvvl_100022",
      "pfvvl_100023",
      "pfvvl_100024",
      "pfvvl_100025",
      "pfvvl_100026",
      "pfvvl_100027",
      "pfvvl_100028",
      "pfvvl_100029",
      "pfvvl_100030",
      "pfvvl_100031",
      "pfvvl_100032",
      "pfvvl_100033",
      "pfvvl_100034",
      "pfvvl_100035",
      "pfvvl_100036",
      "pfvvl_100037",
      "pfvvl_100038",
      "pfvvl_100039",
      "pfvvl_100040",
      "pfvvl_100041",
      "pfvvl_100042",
      "pfvvl_100043",
      "pfvvl_100044",
      "pfvvl_100045",
      "pfvvl_100046",
      "pfvvl_100047",
      "pfvvl_100048",
      "pfvvl_100049",
      "pfvvl_100050",
      "pfvvl_100051",
      "pfvvl_100052",
      "pfvvl_100053",
      "pfvvl_100054",
      "pfvvl_100055",
      "pfvvl_100056",
      "pfvvl_100057",
      "pfvvl_100058",
      "pfvvl_100059",
      "pfvvl_100060",
      "pfvvl_100061",
      "pfvvl_100062",
      "pfvvl_100063",
      "pfvvl_100064",
      "pfvvl_100065",
      "pfvvl_100066",
      "pfvvl_100067",
      "pfvvl_100068",
      "pfvvl_100070",
      "pfvvl_100071",
      "pfvvl_100072",
      "pfvvl_100073",
      "pfvvl_100074",
      "pfvvl_100075",
      "pfvvl_100076",
      "pfvvl_100077",
      "pfvvl_100078",
      "pfvvl_100079",
      "pfvvl_100130",
      "pfvvl_100131",
      "pfvvl_100135",
      "pival_100117",
      "pival_100120",
      "pival_100130",
      "pival_100131",
      "pival_200127",
      "pival_200128",
      "pivfb_companyname",
      "pivfb_dob",
      "pivfb_email",
      "pivfb_gender",
      "pivfb_name",
      "pivfb_username",
      "pivspa_image",
      "pnanl_100130",
      "pnanl_100131",
      "pnanl_100135",
      "pnanl_100504",
      "pnanl_100505",
      "pnanl_100506",
      "pnanl_100507",
      "pnanl_200130",
      "pnanl_400003",
      "pnanl_400004",
      "pnanl_400005",
      "pnanl_400006",
      "pnanl_400007",
      "pnanl_400008",
      "pnanl_987664",
      "pnanl_987665",
      "pnanl_987666",
      "pnanl_987667",
      "pnanl_987668",
      "pnanl_987669",
      "pnanl_987670",
      "pnanl_987671",
      "pnanl_987672",
      "pnanl_987673",
      "pnanl_987674",
      "pnanl_987675",
      "pnanl_987676",
      "pnanl_987677",
      "pnanl_987678",
      "pnanl_987679",
      "pnanl_987680",
      "pnanl_987681",
      "pnanl_987682",
      "pnanl_987683",
      "pnanl_987686",
      "pnanl_987687",
      "pnanl_987688",
      "pnanl_987689",
      "pnanl_987690",
      "pnanl_987691",
      "pnanl_987692",
      "pnanl_987693",
      "pnanl_987694",
      "pnanl_987695",
      "pnval_100130",
      "pnval_100131",
      "pnval_200126",
      "pnval_200130",
      "pnval_200131",
      "pnvns_name",
      "ppval_100131",
      "twanl_100001",
      "twanl_100002",
      "twanl_100003",
      "twanl_100004",
      "twanl_100005",
      "twanl_100006",
      "twanl_100007",
      "twanl_100008",
      "twanl_100009",
      "twanl_100010",
      "twanl_100011",
      "twanl_100012",
      "twanl_100015",
      "twanl_100016",
      "twanl_100017",
      "twanl_100018",
      "twanl_100019",
      "twanl_100020",
      "twanl_100021",
      "twanl_100029",
      "twanl_100503",
      "twanl_100504",
      "twanl_100505",
      "twanl_100506",
      "twanl_100507",
      "twanl_200001",
      "twanl_200002",
      "twanl_200003",
      "twanl_200004",
      "twanl_200005",
      "twanl_200006",
      "twanl_200007",
      "twanl_200008",
      "twanl_200009",
      "twanl_200010",
      "twanl_200011",
      "twanl_200012",
      "twanl_200015",
      "twanl_200016",
      "twanl_200017",
      "twanl_200018",
      "twanl_200020",
      "twanl_200021",
      "twanl_200022",
      "twanl_200023",
      "twanl_300001",
      "twanl_300002",
      "twanl_300003",
      "twanl_300004",
      "twanl_300005",
      "twanl_300006",
      "twanl_300007",
      "twanl_300008",
      "twanl_300009",
      "twanl_300010",
      "twanl_300011",
      "twanl_300012",
      "twanl_300013",
      "twanl_400001",
      "twanl_400002",
      "twanl_400003",
      "twanl_400004",
      "twanl_400005",
      "twanl_400006",
      "twanl_400007",
      "twanl_400008",
      "twanl_500001",
      "twanl_500002",
      "twanl_500003",
      "twval_100130",
      "twval_100131",
      "twval_100135",
      "twval_200126",
      "twval_200127",
      "twval_200131",
      "twval_500001",
      "twval_500003",
      "twvfb_name",
      "twvfb_username",
      "twvfc_name",
      "twvfs_name",
      "twvgp_name",
      "twvkl_name",
      "twvns_name",
      "twvpa_name",
      "twvpa_username",
      "twvpi_name",
      "twvpi_username",
      "twvpn_name",
      "vdanl_300001",
      "vdanl_300002",
      "vdanl_300003",
      "vdanl_300004",
      "vdanl_300005",
      "vdanl_300006",
      "vdanl_300007",
      "vdanl_300008",
      "vdanl_300009",
      "vdanl_300010",
      "vdanl_300011",
      "vdanl_300012",
      "vdanl_300013",
      "vdanl_300014",
      "vdanl_300015",
      "vdanl_300016",
      "vdanl_300017",
      "vdanl_300018",
      "vdanl_300019",
      "vdanl_300020",
      "vdanl_300021",
      "vdanl_300022",
      "vdanl_300023",
      "vdanl_300024",
      "vdanl_300025",
      "vdanl_300026",
      "vdanl_300027",
      "vdanl_300028",
      "vdanl_300029",
      "vdanl_300030",
      "vdanl_300031",
      "vdanl_300032",
      "vdanl_300033",
      "vdanl_300034",
      "vdanl_300035",
      "vdanl_300036",
      "vdanl_300037",
      "vdanl_300038",
      "vdanl_300039",
      "vdanl_300040",
      "vdanl_300041",
      "vdanl_300042",
      "vdanl_300043",
      "vdanl_300044",
      "vdanl_300045",
      "vdanl_300046",
      "vdanl_300047",
      "vdanl_300048",
      "vdanl_300049",
      "vdanl_300050",
      "vdanl_300051",
      "vdanl_300052",
      "vdanl_300053",
      "wpval_100002",
      "wpval_100003",
      "wpval_100004",
      "wpval_100006",
      "wpval_100007",
      "wpval_100008",
      "wpval_100013",
      "wpval_100020",
      "wpval_100021",
      "wpval_100022",
      "wpval_100025",
      "wpval_100026",
      "wpval_100027",
      "wpval_100030",
      "wpval_100031",
      "wpval_100034",
      "wpval_100035",
      "wpval_100039",
      "wpval_100048",
      "wpval_100049",
      "wpval_100050",
      "wpval_100051",
      "wpval_100052",
      "wpval_100053",
      "wpval_100056",
      "wpval_100057",
      "wpval_100058",
      "wpval_100060",
      "wpval_100063",
      "wpval_100130",
      "wpval_100131",
      "wpval_100135",
      "wpval_100145",
      "wpval_10063",
      "wpval_300001",
      "wpval_300002",
      "wpval_300003",
      "wpval_300004",
      "wpval_300005",
      "wpval_300006",
      "wpval_300007",
      "wpval_300008",
      "wpval_300009",
      "wpval_300010",
      "wpval_300011",
      "wpval_300012",
      "wpval_300013",
      "wpval_300014",
      "wpval_300015",
      "wpval_300016",
      "wpval_300017",
      "wpval_300018",
      "wpval_300039",
      "wpval_300040",
      "wpval_300041",
      "wpval_300042",
      "wpval_300043",
      "wpval_300044",
      "wpval_300045",
      "wpval_300046",
      "wpval_300047",
      "wpval_300048",
      "wpval_300049",
      "wpval_300050",
      "wpval_300051",
      "wpval_300052",
      "wpval_300053",
      "wpval_300054",
      "wpval_300055",
      "wpval_300056",
      "wpval_300057",
      "wpval_300058",
      "wpval_300059",
      "wpval_300060",
      "wpval_300061",
      "wpval_300062",
      "wpval_300063",
      "wpval_300064",
      "wpval_300065",
      "wpval_300066",
      "wpval_300067",
      "wpval_300068",
      "wpval_300069",
      "wpval_300070",
      "wpval_300071",
      "wpval_300072",
      "wpval_300073",
      "wpval_300074",
      "wpval_300081",
      "wpval_300082",
      "wpval_300083",
      "wpval_300091",
      "wpval_300092",
      "wpval_300093",
      "wpval_700025",
      "wpval_700028",
      "wpval_700029",
      "wpval_700047",
      "wpval_700053",
      "wpvns_email",
      "wpvns_mobilenumber",
      "xnanl_100130",
      "xnanl_100131",
      "xnanl_987676",
      "xnanl_987677",
      "xnanl_987678",
      "xnanl_987679",
      "xnanl_987680",
      "xnanl_987681",
      "xnanl_987682",
      "xnanl_987683",
      "xnanl_987684",
      "xnanl_987685",
      "xnanl_987686",
      "xnanl_987687",
      "xnanl_987688",
      "xnanl_987689",
      "xnanl_987690",
      "xnanl_987691",
      "xnanl_987692",
      "xnanl_987693",
      "xnanl_987694",
      "xnanl_987695",
      "xnanl_987696",
      "xnanl_987697",
      "yoval_100131",
      "yoval_200127",
      "yoval_600001",
      "yoval_600002",
      "yoval_600003",
      "yoval_600004",
      "yoval_610001"
    ]
  },
  {
    "name": "RuleCodeUncategorizedParser",
    "kinesisStream": "ruleCodeUncategorizedStream",
    "ruleCodes": [

    ]
  }
]