{"transaction_id": "5feadce9-f647-4fb0-b2dc-ec45c9ab5f16", "account_id": 2277, "transaction_date": "2020-11-05T22:41:03.000Z", "run_id": null, "fmval_100100": "WA", "fmval_100135": "1.0", "fmval_100140": "0.0", "fmval_100144": "0.0", "fmval_100151": "Female", "fmval_200150": "1.0", "fmval_300001": "Other", "fmval_300002": "0.0", "fmval_300003": "1.0", "fmval_300004": "0.0", "fmval_300007": "0.0", "fmval_300008": "1.0", "fmval_300009": "0.0", "fmval_300010": "1.0", "fmval_300011": "0.0", "fmval_300012": "0.0", "fmval_300013": "0.0", "fmval_300014": "2.0", "fmval_300017": "1.0", "fmval_300018": "1.0", "fmval_300019": "4607.0", "fmval_300021": "1.0", "fmval_300022": "1.0", "fmval_300032": "0.0", "fmval_300033": "Exact", "fmval_300034": "0.0", "fmval_300035": "com", "fmval_300036": "generic", "fmval_300053": "1.0", "fmval_300067": "0.0", "fmval_300068": "0.0", "fmval_300069": "0.0", "fmval_300082": "1.0", "fmval_300666": "57.0", "fmval_300667": "57.0", "fmval_300668": "57.0", "fmval_300669": "0.0", "fmval_300670": "0.0", "fmval_300671": "0.0", "fmval_300672": "0.0", "fmval_300673": "1.0", "fmval_400003": "0.0", "fmval_400006": "2020-11-05 14:41:03", "fmval_500118": "0.0", "fmval_900006": "15.0", "fmval_900007": "0.3333", "fmval_900010": "Thu", "fmval_900011": "1.0", "fmval_900012": "0.0", "fmval_900016": "0.0", "fmval_900017": "0.0", "fmval_900018": "3138 sun valley road", "fmval_900019": "0.0", "global_100143": "1.0", "global_200003": "1.0", "global_200005": "1.0", "global_200006": "1.0", "global_200008": "1.0", "global_200010": "1.0", "global_300003": "0.0", "global_300038": "1.0", "global_300039": "1.0", "global_300044": "1.0", "global_300045": "1.0", "global_300060": "0.0", "global_300061": "1.0", "global_300085": "", "global_300090": "1.0", "global_300094": "1.0", "global_300099": "1.0", "global_300107": "1.0", "global_300108": "1.0", "global_300136": "America/Los_Angeles", "global_300137": "6", "global_300138": "Night", "global_300162": "1.0", "global_300187": "U", "global_300190": "0.0", "global_300191": "0.0", "global_300192": "0.0", "global_300193": "1.0", "global_300195": "1.0", "global_900047": "1.0", "global_900060": "1.0", "global_900074": "0.01", "global_900075": "0.01", "global_900076": "0.01", "global_900077": "0.01"}
{"transaction_id": "d86e7a68-2da5-47fd-b21e-9dda686e5142", "account_id": 1506, "transaction_date": "2021-08-18T09:30:21.379Z", "run_id": null, "fmval_100135": "1.0", "fmval_100140": "0.0", "fmval_100143": "0.0", "fmval_100145": "98.2799", "fmval_100146": "SD", "fmval_100151": "Male", "fmval_200150": "0.01", "fmval_300001": "gmail.com", "fmval_300002": "1.0", "fmval_300003": "1.0", "fmval_300005": "1.0", "fmval_300007": "1.0", "fmval_300008": "1.0", "fmval_300009": "1.0", "fmval_300010": "0.0", "fmval_300011": "0.0", "fmval_300012": "0.0", "fmval_300013": "0.0", "fmval_300014": "1.0", "fmval_300017": "1.0", "fmval_300018": "1.0", "fmval_300021": "1.0", "fmval_300032": "0.0", "fmval_300033": "Exact", "fmval_300034": "0.0", "fmval_300035": "com", "fmval_300036": "generic", "fmval_300040": "0.0", "fmval_300041": "0.0", "fmval_300042": "0.0", "fmval_300043": "2.0", "fmval_300044": "8.0", "fmval_300046": "1.0", "fmval_300047": "0.0", "fmval_300048": "605", "fmval_300049": "US", "fmval_300050": "0.0", "fmval_300051": "FIXED_LINE_OR_MOBILE", "fmval_400003": "0.0", "fmval_400006": "2021-11-03 13:22:29", "fmval_900005": "1303.7949", "fmval_900006": "10.0", "fmval_900007": "0.1", "fmval_900010": "Wed", "fmval_900011": "1.0", "fmval_900012": "0.0", "global_100143": "1.0", "global_200002": "1.0", "global_200010": "1.0", "global_300003": "0.0", "global_300004": "1.0", "global_300024": "1303.7949", "global_300025": "1347.1087", "global_300040": "1.0", "global_300041": "1.0", "global_300044": "1.0", "global_300045": "1.0", "global_300052": "1.0", "global_300053": "1.0", "global_300060": "1.0", "global_300062": "1.0", "global_300070": "Wireless", "global_300072": "1.0", "global_300080": "1.0", "global_300082": "1.0", "global_300084": "0.0", "global_300085": "R", "global_300087": "1.0", "global_300088": "1.0", "global_300090": "1.0", "global_300097": "1.0", "global_300099": "1.0", "global_300101": "1.0", "global_300130": "Country match", "global_300131": "1.0", "global_300136": "America/New_York", "global_300137": "9", "global_300138": "Morning", "global_300156": "1.0", "global_300157": "1.0", "global_300187": "A7", "global_300200": "1.0", "global_300330": "1.0", "global_300335": "1.0", "global_900074": "0.01", "global_900075": "0.01", "global_900076": "0.01", "global_900077": "0.01"}
{"transaction_id": "d4753283-4f4a-496a-8990-b725d048a47f", "account_id": 814, "transaction_date": "2021-11-03T20:22:29.039Z", "run_id": null, "fmval_100100": "MN", "fmval_100135": "1.0", "fmval_100140": "0.0", "fmval_100143": "0.0", "fmval_100146": "MN", "fmval_100151": "Female", "fmval_200150": "1.0", "fmval_300001": "Other", "fmval_300002": "0.0", "fmval_300003": "0.0", "fmval_300004": "0.0", "fmval_300007": "0.0", "fmval_300008": "1.0", "fmval_300009": "1.0", "fmval_300010": "0.0", "fmval_300011": "0.0", "fmval_300012": "0.0", "fmval_300013": "0.0", "fmval_300014": "1.0", "fmval_300017": "1.0", "fmval_300018": "1.0", "fmval_300019": "12447.0", "fmval_300021": "1.0", "fmval_300022": "1.0", "fmval_300032": "0.0", "fmval_300033": "Exact", "fmval_300034": "0.0", "fmval_300035": "net", "fmval_300036": "generic", "fmval_300040": "0.0", "fmval_300041": "0.0", "fmval_300042": "0.0", "fmval_300043": "2.0", "fmval_300044": "6.0", "fmval_300045": "1.0", "fmval_300046": "1.0", "fmval_300047": "1.0", "fmval_300048": "763", "fmval_300049": "US", "fmval_300050": "0.0", "fmval_300051": "FIXED_LINE_OR_MOBILE", "fmval_300067": "0.0", "fmval_300068": "0.0", "fmval_300069": "0.0", "fmval_300082": "1.0", "fmval_300666": "79.0", "fmval_300667": "79.0", "fmval_300668": "79.0", "fmval_300669": "0.0", "fmval_300670": "0.0", "fmval_300671": "0.0", "fmval_300672": "0.0", "fmval_300673": "1.0", "fmval_400003": "0.0", "fmval_400006": "2021-08-20 13:09:07", "fmval_500118": "0.0", "fmval_900005": "9.5347", "fmval_900006": "9.0", "fmval_900007": "0.2222", "fmval_900010": "Fri", "fmval_900011": "1.0", "fmval_900012": "0.0", "fmval_900016": "0.0", "fmval_900017": "0.0", "fmval_900018": "4097 hillcrest circle", "fmval_900019": "0.0", "fmval_900020": "4097 hillcrest circle", "fmval_900021": "minneapolis", "fmval_900022": "mn", "fmval_900023": "55402", "fmval_900030": "0.0", "fmval_900031": "1.0", "global_100143": "0.0", "global_300003": "5.0", "global_300024": "9.5347", "global_300060": "0.0", "global_300061": "1.0", "global_300062": "1.0", "global_300070": "Wireless", "global_300072": "1.0", "global_300080": "1.0", "global_300082": "1.0", "global_300085": "R", "global_300088": "1.0", "global_300090": "0.0", "global_300091": "1.0", "global_300095": "1.0", "global_300099": "1.0", "global_300101": "1.0", "global_300107": "1.0", "global_300122": "1.0", "global_300123": "1.0", "global_300136": "America/Chicago", "global_300137": "8", "global_300138": "Morning", "global_300163": "1.0", "global_300172": "1.0", "global_300177": "1.0", "global_300187": "A7", "global_300195": "1.0", "global_300313": "1.0", "global_300314": "1.0", "global_300331": "1.0", "global_300335": "1.0", "global_900004": "1.0", "global_900010": "1.0", "global_900017": "1.0", "global_900043": "1.0", "global_900044": "1.0", "global_900047": "1.0", "global_900049": "1.0", "global_900060": "1.0", "global_900074": "0.99", "global_900075": "0.99", "global_900076": "0.01", "global_900077": "0.01"}
