{"transaction_id": "d86e7a68-2da5-47fd-b21e-9dda686e5142", "transaction":{
  "referenceId": "076f2697-a707-40dd-baf1-6d109a97440e",
  "fraud": {
    "reasonCodes": [
      "R639",
      "I711",
      "R705",
      "R610",
      "I704",
      "I713",
      "I707"
    ],
    "scores": [
      {
        "name": "generic",
        "version": "3.0",
        "score": 0.6075
      }
    ]
  },
  "kyc": {
    "reasonCodes": [
      "R903",
      "I920",
      "R922",
      "I904",
      "R919",
      "R957",
      "R902"
    ],
    "fieldValidations": {
      "firstName": 0.01,
      "surName": 0.01,
      "streetAddress": 0.01,
      "city": 0.01,
      "state": 0.01,
      "zip": 0.01,
      "dob": 0.01
    }
  },
  "decision": {
    "response": "accept"
  },
  "debug": {
    "rule_codes": [
      {
        "rulecode": "scoreComponents.DEVAL.100013",
        "score": "0.0",
        "confidence": "0.0",
        "originalScore": "0.0",
        "ruleCodeShort": "DEVAL.100013"
      },
      {
        "rulecode": "scoreComponents.DEVAL.100012",
        "score": "0.0",
        "confidence": "0.0",
        "originalScore": "0.0",
        "ruleCodeShort": "DEVAL.100012"
      },
      {
        "rulecode": "scoreComponents.DEVAL.100028",
        "score": "0.0",
        "confidence": "0.0",
        "originalScore": "0.0",
        "ruleCodeShort": "DEVAL.100028"
      },
      {
        "rulecode": "scoreComponents.DEVAL.100017",
        "score": "0.0",
        "confidence": "0.0",
        "originalScore": "0.0",
        "ruleCodeShort": "DEVAL.100017"
      },
      {
        "rulecode": "scoreComponents.DEVAL.100058",
        "score": "0.0",
        "confidence": "0.0",
        "originalScore": "0.0",
        "ruleCodeShort": "DEVAL.100058"
      },
      {
        "rulecode": "scoreComponents.DEVAL.100023",
        "score": "0.0",
        "confidence": "0.0",
        "originalScore": "0.0",
        "ruleCodeShort": "DEVAL.100023"
      },
      {
        "rulecode": "scoreComponents.DEVAL.100057",
        "score": "0.0",
        "confidence": "0.0",
        "originalScore": "0.0",
        "ruleCodeShort": "DEVAL.100057"
      },
      {
        "rulecode": "scoreComponents.DEVAL.100011",
        "score": "0.0",
        "confidence": "0.0",
        "originalScore": "0.0",
        "ruleCodeShort": "DEVAL.100011"
      },
      {
        "rulecode": "scoreComponents.DEVAL.100031",
        "score": "0.0",
        "confidence": "0.0",
        "originalScore": "0.0",
        "ruleCodeShort": "DEVAL.100031"
      },
      {
        "rulecode": "scoreComponents.DEVAL.100026",
        "score": "0.0",
        "confidence": "0.0",
        "originalScore": "5377.0",
        "ruleCodeShort": "DEVAL.100026"
      },
      {
        "rulecode": "scoreComponents.DEVAL.100037",
        "score": "0.0",
        "confidence": "0.0",
        "originalScore": "9999.0",
        "ruleCodeShort": "DEVAL.100037"
      },
      {
        "rulecode": "scoreComponents.DEVAL.100014",
        "score": "0.0",
        "confidence": "0.0",
        "originalScore": "0.0",
        "ruleCodeShort": "DEVAL.100014"
      },
      {
        "rulecode": "scoreComponents.DEVAL.100135",
        "score": "0.0",
        "confidence": "0.0",
        "originalScore": "1.0",
        "ruleCodeShort": "DEVAL.100135"
      },
      {
        "rulecode": "scoreComponents.DEVAL.100043",
        "score": "0.0",
        "confidence": "0.0",
        "originalScore": "0.0",
        "ruleCodeShort": "DEVAL.100043"
      },
      {
        "rulecode": "scoreComponents.DEVAL.100010",
        "score": "0.0",
        "confidence": "0.0",
        "originalScore": "0.0",
        "ruleCodeShort": "DEVAL.100010"
      },
      {
        "rulecode": "scoreComponents.DEVAL.100016",
        "score": "0.0",
        "confidence": "0.0",
        "originalScore": "0.0",
        "ruleCodeShort": "DEVAL.100016"
      },
      {
        "rulecode": "scoreComponents.DEVAL.100029",
        "score": "0.0",
        "confidence": "0.0",
        "originalScore": "0.3158",
        "ruleCodeShort": "DEVAL.100029"
      },
      {
        "rulecode": "scoreComponents.DEVAL.100018",
        "score": "0.0",
        "confidence": "0.0",
        "originalScore": "0.0",
        "ruleCodeShort": "DEVAL.100018"
      },
      {
        "rulecode": "scoreComponents.DEVAL.100015",
        "score": "0.0",
        "confidence": "0.0",
        "originalScore": "0.0",
        "ruleCodeShort": "DEVAL.100015"
      },
      {
        "rulecode": "scoreComponents.EXAVL.100135",
        "score": "0.0",
        "confidence": "0.0",
        "originalScore": "1.0",
        "ruleCodeShort": "EXAVL.100135"
      },
      {
        "rulecode": "scoreComponents.EXAVL.100000",
        "score": "0.0",
        "confidence": "0.0",
        "originalScore": "0.0",
        "ruleCodeShort": "EXAVL.100000"
      },
      {
        "rulecode": "scoreComponents.IFVAL.400003",
        "score": "0.0",
        "confidence": "0.0",
        "originalScore": "102.0",
        "ruleCodeShort": "IFVAL.400003"
      },
      {
        "rulecode": "scoreComponents.IFVAL.100135",
        "score": "0.0",
        "confidence": "0.0",
        "originalScore": "1.0",
        "ruleCodeShort": "IFVAL.100135"
      },
      {
        "rulecode": "scoreComponents.IFVAL.400004",
        "score": "0.0",
        "confidence": "0.0",
        "originalScore": "102.0",
        "ruleCodeShort": "IFVAL.400004"
      },
      {
        "rulecode": "scoreComponents.WPVAL.100013",
        "score": "0.0",
        "confidence": "0.0",
        "originalScore": "0.0",
        "ruleCodeShort": "WPVAL.100013"
      },
      {
        "rulecode": "scoreComponents.WPVAL.300048",
        "score": "0.0",
        "confidence": "0.0",
        "originalScore": "-1.0",
        "ruleCodeShort": "WPVAL.300048"
      },
      {
        "rulecode": "scoreComponents.WPVAL.700047",
        "score": "0.0",
        "confidence": "0.0",
        "originalScore": "-1.0",
        "ruleCodeShort": "WPVAL.700047"
      },
      {
        "rulecode": "scoreComponents.WPVAL.100035",
        "score": "0.0",
        "confidence": "0.0",
        "originalScore": "0.0",
        "ruleCodeShort": "WPVAL.100035"
      },
      {
        "rulecode": "scoreComponents.WPVAL.100050",
        "score": "0.0",
        "confidence": "0.0",
        "originalScore": "0.0",
        "ruleCodeShort": "WPVAL.100050"
      },
      {
        "rulecode": "scoreComponents.WPVAL.300050",
        "score": "0.0",
        "confidence": "0.0",
        "originalScore": "5376.0",
        "ruleCodeShort": "WPVAL.300050"
      },
      {
        "rulecode": "scoreComponents.WPVAL.100039",
        "score": "0.0",
        "confidence": "0.0",
        "originalScore": "0.0",
        "ruleCodeShort": "WPVAL.100039"
      },
      {
        "rulecode": "scoreComponents.WPVAL.700053",
        "score": "0.0",
        "confidence": "0.0",
        "originalScore": "0.0",
        "ruleCodeShort": "WPVAL.700053"
      },
      {
        "rulecode": "scoreComponents.WPVAL.100034",
        "score": "0.0",
        "confidence": "0.0",
        "originalScore": "1.0",
        "ruleCodeShort": "WPVAL.100034"
      },
      {
        "rulecode": "scoreComponents.WPVAL.300064",
        "score": "0.0",
        "confidence": "0.0",
        "originalScore": "-1.0",
        "ruleCodeShort": "WPVAL.300064"
      },
      {
        "rulecode": "scoreComponents.WPVAL.100002",
        "score": "0.0",
        "confidence": "0.0",
        "originalScore": "0.0",
        "ruleCodeShort": "WPVAL.100002"
      },
      {
        "rulecode": "scoreComponents.WPVAL.100058",
        "score": "0.0",
        "confidence": "0.0",
        "originalScore": "1.0",
        "ruleCodeShort": "WPVAL.100058"
      },
      {
        "rulecode": "scoreComponents.WPVAL.100008",
        "score": "0.0",
        "confidence": "0.0",
        "originalScore": "0.0",
        "ruleCodeShort": "WPVAL.100008"
      },
      {
        "rulecode": "scoreComponents.WPVAL.100051",
        "score": "0.0",
        "confidence": "0.0",
        "originalScore": "0.0",
        "ruleCodeShort": "WPVAL.100051"
      },
      {
        "rulecode": "scoreComponents.WPVAL.100057",
        "score": "0.0",
        "confidence": "0.0",
        "originalScore": "1.0",
        "ruleCodeShort": "WPVAL.100057"
      },
      {
        "rulecode": "scoreComponents.WPVAL.100056",
        "score": "0.0",
        "confidence": "0.0",
        "originalScore": "0.0",
        "ruleCodeShort": "WPVAL.100056"
      },
      {
        "rulecode": "scoreComponents.WPVAL.300061",
        "score": "0.0",
        "confidence": "0.0",
        "originalScore": "-0.1667",
        "ruleCodeShort": "WPVAL.300061"
      },
      {
        "rulecode": "scoreComponents.WPVAL.700028",
        "score": "0.0",
        "confidence": "0.0",
        "originalScore": "0.0",
        "ruleCodeShort": "WPVAL.700028"
      },
      {
        "rulecode": "scoreComponents.WPVAL.300066",
        "score": "0.0",
        "confidence": "0.0",
        "originalScore": "-1.0",
        "ruleCodeShort": "WPVAL.300066"
      },
      {
        "rulecode": "scoreComponents.WPVAL.300046",
        "score": "0.0",
        "confidence": "0.0",
        "originalScore": "0.0",
        "ruleCodeShort": "WPVAL.300046"
      },
      {
        "rulecode": "scoreComponents.WPVAL.300065",
        "score": "0.0",
        "confidence": "0.0",
        "originalScore": "0.0",
        "ruleCodeShort": "WPVAL.300065"
      },
      {
        "rulecode": "scoreComponents.WPVAL.300092",
        "score": "0.0",
        "confidence": "0.0",
        "originalScore": "0.3636",
        "ruleCodeShort": "WPVAL.300092"
      },
      {
        "rulecode": "scoreComponents.WPVAL.100031",
        "score": "0.0",
        "confidence": "0.0",
        "originalScore": "0.0",
        "ruleCodeShort": "WPVAL.100031"
      },
      {
        "rulecode": "scoreComponents.WPVAL.100026",
        "score": "0.0",
        "confidence": "0.0",
        "originalScore": "0.0",
        "ruleCodeShort": "WPVAL.100026"
      },
      {
        "rulecode": "scoreComponents.WPVAL.700025",
        "score": "0.0",
        "confidence": "0.0",
        "originalScore": "0.0",
        "ruleCodeShort": "WPVAL.700025"
      },
      {
        "rulecode": "scoreComponents.WPVAL.100052",
        "score": "0.0",
        "confidence": "0.0",
        "originalScore": "0.0",
        "ruleCodeShort": "WPVAL.100052"
      },
      {
        "rulecode": "scoreComponents.WPVAL.100003",
        "score": "0.0",
        "confidence": "0.0",
        "originalScore": "0.0",
        "ruleCodeShort": "WPVAL.100003"
      },
      {
        "rulecode": "scoreComponents.WPVAL.100020",
        "score": "0.0",
        "confidence": "0.0",
        "originalScore": "0.0",
        "ruleCodeShort": "WPVAL.100020"
      },
      {
        "rulecode": "scoreComponents.WPVAL.100048",
        "score": "0.0",
        "confidence": "0.0",
        "originalScore": "0.0",
        "ruleCodeShort": "WPVAL.100048"
      },
      {
        "rulecode": "scoreComponents.WPVAL.300052",
        "score": "0.0",
        "confidence": "0.0",
        "originalScore": "0.0",
        "ruleCodeShort": "WPVAL.300052"
      },
      {
        "rulecode": "scoreComponents.WPVAL.100025",
        "score": "0.0",
        "confidence": "0.0",
        "originalScore": "0.0",
        "ruleCodeShort": "WPVAL.100025"
      },
      {
        "rulecode": "scoreComponents.WPVAL.100135",
        "score": "0.0",
        "confidence": "0.0",
        "originalScore": "1.0",
        "ruleCodeShort": "WPVAL.100135"
      },
      {
        "rulecode": "scoreComponents.WPVAL.100021",
        "score": "0.0",
        "confidence": "0.0",
        "originalScore": "0.0",
        "ruleCodeShort": "WPVAL.100021"
      },
      {
        "rulecode": "scoreComponents.WPVAL.100060",
        "score": "0.0",
        "confidence": "0.0",
        "originalScore": "0.0",
        "ruleCodeShort": "WPVAL.100060"
      },
      {
        "rulecode": "scoreComponents.WPVAL.300091",
        "score": "0.0",
        "confidence": "0.0",
        "originalScore": "0.5455",
        "ruleCodeShort": "WPVAL.300091"
      },
      {
        "rulecode": "scoreComponents.WPVAL.100145",
        "score": "0.0",
        "confidence": "0.0",
        "originalScore": "0.0",
        "ruleCodeShort": "WPVAL.100145"
      },
      {
        "rulecode": "scoreComponents.WPVAL.100004",
        "score": "0.0",
        "confidence": "0.0",
        "originalScore": "0.0",
        "ruleCodeShort": "WPVAL.100004"
      },
      {
        "rulecode": "scoreComponents.WPVAL.100027",
        "score": "0.0",
        "confidence": "0.0",
        "originalScore": "1.0",
        "ruleCodeShort": "WPVAL.100027"
      },
      {
        "rulecode": "scoreComponents.WPVAL.100049",
        "score": "0.0",
        "confidence": "0.0",
        "originalScore": "0.0",
        "ruleCodeShort": "WPVAL.100049"
      },
      {
        "rulecode": "scoreComponents.WPVAL.100053",
        "score": "0.0",
        "confidence": "0.0",
        "originalScore": "-1.0",
        "ruleCodeShort": "WPVAL.100053"
      },
      {
        "rulecode": "scoreComponents.WPVAL.100007",
        "score": "0.0",
        "confidence": "0.0",
        "originalScore": "0.0",
        "ruleCodeShort": "WPVAL.100007"
      },
      {
        "rulecode": "scoreComponents.WPVAL.100030",
        "score": "0.0",
        "confidence": "0.0",
        "originalScore": "0.0",
        "ruleCodeShort": "WPVAL.100030"
      },
      {
        "rulecode": "scoreComponents.FVANL.100135",
        "score": "0.0",
        "confidence": "0.0",
        "originalScore": "1.0",
        "ruleCodeShort": "FVANL.100135"
      },
      {
        "rulecode": "scoreComponents.FVANL.400001",
        "score": "0.0",
        "confidence": "0.0",
        "originalScore": "0.0",
        "ruleCodeShort": "FVANL.400001"
      },
      {
        "rulecode": "scoreComponents.EXVAL.100099",
        "score": "0.0",
        "confidence": "0.0",
        "originalScore": "0.0",
        "ruleCodeShort": "EXVAL.100099"
      },
      {
        "rulecode": "scoreComponents.EXVAL.100019",
        "score": "0.0",
        "confidence": "0.0",
        "originalScore": "0.0",
        "ruleCodeShort": "EXVAL.100019"
      },
      {
        "rulecode": "scoreComponents.EXVAL.100206",
        "score": "0.0",
        "confidence": "0.0",
        "originalScore": "0.01",
        "ruleCodeShort": "EXVAL.100206"
      },
      {
        "rulecode": "scoreComponents.EXVAL.100061",
        "score": "0.0",
        "confidence": "0.0",
        "originalScore": "0.0",
        "ruleCodeShort": "EXVAL.100061"
      },
      {
        "rulecode": "scoreComponents.EXVAL.100115",
        "score": "0.0",
        "confidence": "0.0",
        "originalScore": "1.0",
        "ruleCodeShort": "EXVAL.100115"
      },
      {
        "rulecode": "scoreComponents.EXVAL.100202",
        "score": "0.0",
        "confidence": "0.0",
        "originalScore": "0.01",
        "ruleCodeShort": "EXVAL.100202"
      },
      {
        "rulecode": "scoreComponents.EXVAL.100094",
        "score": "0.0",
        "confidence": "0.0",
        "originalScore": "0.0",
        "ruleCodeShort": "EXVAL.100094"
      },
      {
        "rulecode": "scoreComponents.EXVAL.100069",
        "score": "0.0",
        "confidence": "0.0",
        "originalScore": "1.0",
        "ruleCodeShort": "EXVAL.100069"
      },
      {
        "rulecode": "scoreComponents.EXVAL.100104",
        "score": "0.0",
        "confidence": "0.0",
        "originalScore": "0.0",
        "ruleCodeShort": "EXVAL.100104"
      },
      {
        "rulecode": "scoreComponents.EXVAL.100040",
        "score": "0.0",
        "confidence": "0.0",
        "originalScore": "1.0",
        "ruleCodeShort": "EXVAL.100040"
      },
      {
        "rulecode": "scoreComponents.EXVAL.100077",
        "score": "0.0",
        "confidence": "0.0",
        "originalScore": "0.0",
        "ruleCodeShort": "EXVAL.100077"
      },
      {
        "rulecode": "scoreComponents.EXVAL.100108",
        "score": "0.0",
        "confidence": "0.0",
        "originalScore": "0.0",
        "ruleCodeShort": "EXVAL.100108"
      },
      {
        "rulecode": "scoreComponents.EXVAL.100096",
        "score": "0.0",
        "confidence": "0.0",
        "originalScore": "0.0",
        "ruleCodeShort": "EXVAL.100096"
      },
      {
        "rulecode": "scoreComponents.EXVAL.100079",
        "score": "0.0",
        "confidence": "0.0",
        "originalScore": "0.0",
        "ruleCodeShort": "EXVAL.100079"
      },
      {
        "rulecode": "scoreComponents.EXVAL.100103",
        "score": "0.0",
        "confidence": "0.0",
        "originalScore": "0.0",
        "ruleCodeShort": "EXVAL.100103"
      },
      {
        "rulecode": "scoreComponents.EXVAL.100073",
        "score": "0.0",
        "confidence": "0.0",
        "originalScore": "0.0",
        "ruleCodeShort": "EXVAL.100073"
      },
      {
        "rulecode": "scoreComponents.EXVAL.100062",
        "score": "0.0",
        "confidence": "0.0",
        "originalScore": "0.0",
        "ruleCodeShort": "EXVAL.100062"
      },
      {
        "rulecode": "scoreComponents.EXVAL.100114",
        "score": "0.0",
        "confidence": "0.0",
        "originalScore": "0.0",
        "ruleCodeShort": "EXVAL.100114"
      },
      {
        "rulecode": "scoreComponents.EXVAL.100207",
        "score": "0.0",
        "confidence": "0.0",
        "originalScore": "0.01",
        "ruleCodeShort": "EXVAL.100207"
      },
      {
        "rulecode": "scoreComponents.EXVAL.100068",
        "score": "0.0",
        "confidence": "0.0",
        "originalScore": "0.0",
        "ruleCodeShort": "EXVAL.100068"
      },
      {
        "rulecode": "scoreComponents.EXVAL.100110",
        "score": "0.0",
        "confidence": "0.0",
        "originalScore": "1.0",
        "ruleCodeShort": "EXVAL.100110"
      },
      {
        "rulecode": "scoreComponents.EXVAL.100091",
        "score": "0.0",
        "confidence": "0.0",
        "originalScore": "0.0",
        "ruleCodeShort": "EXVAL.100091"
      },
      {
        "rulecode": "scoreComponents.EXVAL.100203",
        "score": "0.0",
        "confidence": "0.0",
        "originalScore": "0.01",
        "ruleCodeShort": "EXVAL.100203"
      },
      {
        "rulecode": "scoreComponents.EXVAL.100033",
        "score": "0.0",
        "confidence": "0.0",
        "originalScore": "0.0",
        "ruleCodeShort": "EXVAL.100033"
      },
      {
        "rulecode": "scoreComponents.EXVAL.100089",
        "score": "0.0",
        "confidence": "0.0",
        "originalScore": "0.0",
        "ruleCodeShort": "EXVAL.100089"
      },
      {
        "rulecode": "scoreComponents.EXVAL.100095",
        "score": "0.0",
        "confidence": "0.0",
        "originalScore": "0.0",
        "ruleCodeShort": "EXVAL.100095"
      },
      {
        "rulecode": "scoreComponents.EXVAL.100009",
        "score": "0.0",
        "confidence": "0.0",
        "originalScore": "0.0",
        "ruleCodeShort": "EXVAL.100009"
      },
      {
        "rulecode": "scoreComponents.EXVAL.100109",
        "score": "0.0",
        "confidence": "0.0",
        "originalScore": "0.0",
        "ruleCodeShort": "EXVAL.100109"
      },
      {
        "rulecode": "scoreComponents.EXVAL.100078",
        "score": "0.0",
        "confidence": "0.0",
        "originalScore": "0.0",
        "ruleCodeShort": "EXVAL.100078"
      },
      {
        "rulecode": "scoreComponents.EXVAL.100085",
        "score": "0.0",
        "confidence": "0.0",
        "originalScore": "0.0",
        "ruleCodeShort": "EXVAL.100085"
      },
      {
        "rulecode": "scoreComponents.EXVAL.100086",
        "score": "0.0",
        "confidence": "0.0",
        "originalScore": "0.0",
        "ruleCodeShort": "EXVAL.100086"
      },
      {
        "rulecode": "scoreComponents.EXVAL.100113",
        "score": "0.0",
        "confidence": "0.0",
        "originalScore": "1.0",
        "ruleCodeShort": "EXVAL.100113"
      },
      {
        "rulecode": "scoreComponents.EXVAL.100093",
        "score": "0.0",
        "confidence": "0.0",
        "originalScore": "0.0",
        "ruleCodeShort": "EXVAL.100093"
      },
      {
        "rulecode": "scoreComponents.EXVAL.100102",
        "score": "0.0",
        "confidence": "0.0",
        "originalScore": "0.0",
        "ruleCodeShort": "EXVAL.100102"
      },
      {
        "rulecode": "scoreComponents.EXVAL.100003",
        "score": "0.0",
        "confidence": "0.0",
        "originalScore": "0.0",
        "ruleCodeShort": "EXVAL.100003"
      },
      {
        "rulecode": "scoreComponents.EXVAL.100204",
        "score": "0.0",
        "confidence": "0.0",
        "originalScore": "0.01",
        "ruleCodeShort": "EXVAL.100204"
      },
      {
        "rulecode": "scoreComponents.EXVAL.100063",
        "score": "0.0",
        "confidence": "0.0",
        "originalScore": "0.0",
        "ruleCodeShort": "EXVAL.100063"
      },
      {
        "rulecode": "scoreComponents.EXVAL.100025",
        "score": "0.0",
        "confidence": "0.0",
        "originalScore": "0.0",
        "ruleCodeShort": "EXVAL.100025"
      },
      {
        "rulecode": "scoreComponents.EXVAL.100071",
        "score": "0.0",
        "confidence": "0.0",
        "originalScore": "0.0",
        "ruleCodeShort": "EXVAL.100071"
      },
      {
        "rulecode": "scoreComponents.EXVAL.100032",
        "score": "0.0",
        "confidence": "0.0",
        "originalScore": "0.0",
        "ruleCodeShort": "EXVAL.100032"
      },
      {
        "rulecode": "scoreComponents.EXVAL.100135",
        "score": "0.0",
        "confidence": "0.0",
        "originalScore": "1.0",
        "ruleCodeShort": "EXVAL.100135"
      },
      {
        "rulecode": "scoreComponents.EXVAL.100021",
        "score": "0.0",
        "confidence": "0.0",
        "originalScore": "1.0",
        "ruleCodeShort": "EXVAL.100021"
      },
      {
        "rulecode": "scoreComponents.EXVAL.100097",
        "score": "0.0",
        "confidence": "0.0",
        "originalScore": "0.0",
        "ruleCodeShort": "EXVAL.100097"
      },
      {
        "rulecode": "scoreComponents.EXVAL.100106",
        "score": "0.0",
        "confidence": "0.0",
        "originalScore": "0.0",
        "ruleCodeShort": "EXVAL.100106"
      },
      {
        "rulecode": "scoreComponents.EXVAL.100105",
        "score": "0.0",
        "confidence": "0.0",
        "originalScore": "0.0",
        "ruleCodeShort": "EXVAL.100105"
      },
      {
        "rulecode": "scoreComponents.EXVAL.100054",
        "score": "0.0",
        "confidence": "0.0",
        "originalScore": "0.0",
        "ruleCodeShort": "EXVAL.100054"
      },
      {
        "rulecode": "scoreComponents.EXVAL.100112",
        "score": "0.0",
        "confidence": "0.0",
        "originalScore": "0.0",
        "ruleCodeShort": "EXVAL.100112"
      },
      {
        "rulecode": "scoreComponents.EXVAL.100205",
        "score": "0.0",
        "confidence": "0.0",
        "originalScore": "0.01",
        "ruleCodeShort": "EXVAL.100205"
      },
      {
        "rulecode": "scoreComponents.EXVAL.100027",
        "score": "0.0",
        "confidence": "0.0",
        "originalScore": "0.0",
        "ruleCodeShort": "EXVAL.100027"
      },
      {
        "rulecode": "scoreComponents.EXVAL.100101",
        "score": "0.0",
        "confidence": "0.0",
        "originalScore": "1.0",
        "ruleCodeShort": "EXVAL.100101"
      },
      {
        "rulecode": "scoreComponents.EXVAL.100209",
        "score": "0.0",
        "confidence": "0.0",
        "originalScore": "0.01",
        "ruleCodeShort": "EXVAL.100209"
      },
      {
        "rulecode": "scoreComponents.EXVAL.100038",
        "score": "0.0",
        "confidence": "0.0",
        "originalScore": "0.0",
        "ruleCodeShort": "EXVAL.100038"
      },
      {
        "rulecode": "scoreComponents.EXVAL.100098",
        "score": "0.0",
        "confidence": "0.0",
        "originalScore": "0.0",
        "ruleCodeShort": "EXVAL.100098"
      },
      {
        "rulecode": "scoreComponents.EXVAL.100100",
        "score": "0.0",
        "confidence": "0.0",
        "originalScore": "1.0",
        "ruleCodeShort": "EXVAL.100100"
      },
      {
        "rulecode": "scoreComponents.EXVAL.100087",
        "score": "0.0",
        "confidence": "0.0",
        "originalScore": "0.0",
        "ruleCodeShort": "EXVAL.100087"
      },
      {
        "rulecode": "scoreComponents.EXVAL.100208",
        "score": "0.0",
        "confidence": "0.0",
        "originalScore": "0.01",
        "ruleCodeShort": "EXVAL.100208"
      },
      {
        "rulecode": "scoreComponents.EXVAL.100041",
        "score": "0.0",
        "confidence": "0.0",
        "originalScore": "0.0",
        "ruleCodeShort": "EXVAL.100041"
      },
      {
        "rulecode": "scoreComponents.EXVAL.100111",
        "score": "0.0",
        "confidence": "0.0",
        "originalScore": "0.0",
        "ruleCodeShort": "EXVAL.100111"
      },
      {
        "rulecode": "scoreComponents.EXVAL.100201",
        "score": "0.0",
        "confidence": "0.0",
        "originalScore": "0.01",
        "ruleCodeShort": "EXVAL.100201"
      },
      {
        "rulecode": "scoreComponents.EXVAL.100122",
        "score": "0.0",
        "confidence": "0.0",
        "originalScore": "0.0",
        "ruleCodeShort": "EXVAL.100122"
      },
      {
        "rulecode": "scoreComponents.NSVAL.300020",
        "score": "0.0",
        "confidence": "0.0",
        "originalScore": "0.0",
        "ruleCodeShort": "NSVAL.300020"
      },
      {
        "rulecode": "scoreComponents.NSVAL.300009",
        "score": "0.0",
        "confidence": "0.0",
        "originalScore": "0.0",
        "ruleCodeShort": "NSVAL.300009"
      },
      {
        "rulecode": "scoreComponents.NSVAL.100024",
        "score": "0.0",
        "confidence": "0.0",
        "originalScore": "1.0",
        "ruleCodeShort": "NSVAL.100024"
      },
      {
        "rulecode": "scoreComponents.NSVAL.100072",
        "score": "0.0",
        "confidence": "0.0",
        "originalScore": "1.0",
        "ruleCodeShort": "NSVAL.100072"
      },
      {
        "rulecode": "scoreComponents.NSVAL.300018",
        "score": "0.0",
        "confidence": "0.0",
        "originalScore": "0.0",
        "ruleCodeShort": "NSVAL.300018"
      },
      {
        "rulecode": "scoreComponents.NSVAL.300026",
        "score": "0.0",
        "confidence": "0.0",
        "originalScore": "0.0",
        "ruleCodeShort": "NSVAL.300026"
      },
      {
        "rulecode": "scoreComponents.NSVAL.100066",
        "score": "0.0",
        "confidence": "0.0",
        "originalScore": "0.0",
        "ruleCodeShort": "NSVAL.100066"
      },
      {
        "rulecode": "scoreComponents.NSVAL.100069",
        "score": "0.0",
        "confidence": "0.0",
        "originalScore": "0.0",
        "ruleCodeShort": "NSVAL.100069"
      },
      {
        "rulecode": "scoreComponents.NSVAL.100120",
        "score": "0.0",
        "confidence": "0.0",
        "originalScore": "0.0",
        "ruleCodeShort": "NSVAL.100120"
      },
      {
        "rulecode": "scoreComponents.NSVAL.100028",
        "score": "0.0",
        "confidence": "0.0",
        "originalScore": "1.0",
        "ruleCodeShort": "NSVAL.100028"
      },
      {
        "rulecode": "scoreComponents.NSVAL.100017",
        "score": "0.0",
        "confidence": "0.0",
        "originalScore": "1.0",
        "ruleCodeShort": "NSVAL.100017"
      },
      {
        "rulecode": "scoreComponents.NSVAL.100058",
        "score": "0.0",
        "confidence": "0.0",
        "originalScore": "0.0",
        "ruleCodeShort": "NSVAL.100058"
      },
      {
        "rulecode": "scoreComponents.NSVAL.100023",
        "score": "0.0",
        "confidence": "0.0",
        "originalScore": "0.0",
        "ruleCodeShort": "NSVAL.100023"
      },
      {
        "rulecode": "scoreComponents.NSVAL.100129",
        "score": "0.0",
        "confidence": "0.0",
        "originalScore": "0.0",
        "ruleCodeShort": "NSVAL.100129"
      },
      {
        "rulecode": "scoreComponents.NSVAL.300021",
        "score": "0.0",
        "confidence": "0.0",
        "originalScore": "0.0",
        "ruleCodeShort": "NSVAL.300021"
      },
      {
        "rulecode": "scoreComponents.NSVAL.300032",
        "score": "0.0",
        "confidence": "0.0",
        "originalScore": "1.0",
        "ruleCodeShort": "NSVAL.300032"
      },
      {
        "rulecode": "scoreComponents.NSVAL.100073",
        "score": "0.0",
        "confidence": "0.0",
        "originalScore": "0.0",
        "ruleCodeShort": "NSVAL.100073"
      },
      {
        "rulecode": "scoreComponents.NSVAL.300035",
        "score": "0.0",
        "confidence": "0.0",
        "originalScore": "1.0",
        "ruleCodeShort": "NSVAL.300035"
      },
      {
        "rulecode": "scoreComponents.NSVAL.100125",
        "score": "0.0",
        "confidence": "0.0",
        "originalScore": "0.0",
        "ruleCodeShort": "NSVAL.100125"
      },
      {
        "rulecode": "scoreComponents.NSVAL.100068",
        "score": "0.0",
        "confidence": "0.0",
        "originalScore": "1.0",
        "ruleCodeShort": "NSVAL.100068"
      },
      {
        "rulecode": "scoreComponents.NSVAL.100132",
        "score": "0.0",
        "confidence": "0.0",
        "originalScore": "0.0",
        "ruleCodeShort": "NSVAL.100132"
      },
      {
        "rulecode": "scoreComponents.NSVAL.100121",
        "score": "0.0",
        "confidence": "0.0",
        "originalScore": "0.0",
        "ruleCodeShort": "NSVAL.100121"
      },
      {
        "rulecode": "scoreComponents.NSVAL.300019",
        "score": "0.0",
        "confidence": "0.0",
        "originalScore": "0.0",
        "ruleCodeShort": "NSVAL.300019"
      },
      {
        "rulecode": "scoreComponents.NSVAL.100067",
        "score": "0.0",
        "confidence": "0.0",
        "originalScore": "0.0",
        "ruleCodeShort": "NSVAL.100067"
      },
      {
        "rulecode": "scoreComponents.NSVAL.100124",
        "score": "0.0",
        "confidence": "0.0",
        "originalScore": "0.0",
        "ruleCodeShort": "NSVAL.100124"
      },
      {
        "rulecode": "scoreComponents.NSVAL.100052",
        "score": "0.0",
        "confidence": "0.0",
        "originalScore": "0.0",
        "ruleCodeShort": "NSVAL.100052"
      },
      {
        "rulecode": "scoreComponents.NSVAL.100020",
        "score": "0.0",
        "confidence": "0.0",
        "originalScore": "0.0",
        "ruleCodeShort": "NSVAL.100020"
      },
      {
        "rulecode": "scoreComponents.NSVAL.300036",
        "score": "0.0",
        "confidence": "0.0",
        "originalScore": "0.0",
        "ruleCodeShort": "NSVAL.300036"
      },
      {
        "rulecode": "scoreComponents.NSVAL.100071",
        "score": "0.0",
        "confidence": "0.0",
        "originalScore": "0.0",
        "ruleCodeShort": "NSVAL.100071"
      },
      {
        "rulecode": "scoreComponents.NSVAL.300002",
        "score": "0.0",
        "confidence": "0.0",
        "originalScore": "1.0",
        "ruleCodeShort": "NSVAL.300002"
      },
      {
        "rulecode": "scoreComponents.NSVAL.100135",
        "score": "0.0",
        "confidence": "0.0",
        "originalScore": "1.0",
        "ruleCodeShort": "NSVAL.100135"
      },
      {
        "rulecode": "scoreComponents.NSVAL.300033",
        "score": "0.0",
        "confidence": "0.0",
        "originalScore": "1.0",
        "ruleCodeShort": "NSVAL.300033"
      },
      {
        "rulecode": "scoreComponents.NSVAL.300010",
        "score": "0.0",
        "confidence": "0.0",
        "originalScore": "0.0",
        "ruleCodeShort": "NSVAL.300010"
      },
      {
        "rulecode": "scoreComponents.NSVAL.100133",
        "score": "0.0",
        "confidence": "0.0",
        "originalScore": "0.0",
        "ruleCodeShort": "NSVAL.100133"
      },
      {
        "rulecode": "scoreComponents.NSVAL.100027",
        "score": "0.0",
        "confidence": "0.0",
        "originalScore": "0.0",
        "ruleCodeShort": "NSVAL.100027"
      },
      {
        "rulecode": "scoreComponents.NSVAL.300017",
        "score": "0.0",
        "confidence": "0.0",
        "originalScore": "0.0",
        "ruleCodeShort": "NSVAL.300017"
      },
      {
        "rulecode": "scoreComponents.NSVAL.100029",
        "score": "0.0",
        "confidence": "0.0",
        "originalScore": "0.0",
        "ruleCodeShort": "NSVAL.100029"
      },
      {
        "rulecode": "scoreComponents.NSVAL.100038",
        "score": "0.0",
        "confidence": "0.0",
        "originalScore": "0.0",
        "ruleCodeShort": "NSVAL.100038"
      },
      {
        "rulecode": "scoreComponents.NSVAL.300012",
        "score": "0.0",
        "confidence": "0.0",
        "originalScore": "0.0",
        "ruleCodeShort": "NSVAL.300012"
      },
      {
        "rulecode": "scoreComponents.NSVAL.100053",
        "score": "0.0",
        "confidence": "0.0",
        "originalScore": "0.0",
        "ruleCodeShort": "NSVAL.100053"
      },
      {
        "rulecode": "scoreComponents.NSVAL.100015",
        "score": "0.0",
        "confidence": "0.0",
        "originalScore": "0.0",
        "ruleCodeShort": "NSVAL.100015"
      },
      {
        "rulecode": "scoreComponents.NSVAL.300001",
        "score": "0.0",
        "confidence": "0.0",
        "originalScore": "16.0",
        "ruleCodeShort": "NSVAL.300001"
      },
      {
        "rulecode": "scoreComponents.NSVAL.100123",
        "score": "0.0",
        "confidence": "0.0",
        "originalScore": "0.0",
        "ruleCodeShort": "NSVAL.100123"
      },
      {
        "rulecode": "scoreComponents.NSVAL.100122",
        "score": "0.0",
        "confidence": "0.0",
        "originalScore": "0.0",
        "ruleCodeShort": "NSVAL.100122"
      },
      {
        "rulecode": "scoreComponents.VEIVL.100130",
        "score": "0.0",
        "confidence": "0.0",
        "originalScore": "1.0",
        "ruleCodeShort": "VEIVL.100130"
      },
      {
        "rulecode": "scoreComponents.EXXVL.100099",
        "score": "0.0",
        "confidence": "0.0",
        "originalScore": "0.0",
        "ruleCodeShort": "EXXVL.100099"
      },
      {
        "rulecode": "scoreComponents.EXXVL.100019",
        "score": "0.0",
        "confidence": "0.0",
        "originalScore": "0.0",
        "ruleCodeShort": "EXXVL.100019"
      },
      {
        "rulecode": "scoreComponents.EXXVL.100206",
        "score": "0.0",
        "confidence": "0.0",
        "originalScore": "0.01",
        "ruleCodeShort": "EXXVL.100206"
      },
      {
        "rulecode": "scoreComponents.EXXVL.100061",
        "score": "0.0",
        "confidence": "0.0",
        "originalScore": "0.0",
        "ruleCodeShort": "EXXVL.100061"
      },
      {
        "rulecode": "scoreComponents.EXXVL.100115",
        "score": "0.0",
        "confidence": "0.0",
        "originalScore": "1.0",
        "ruleCodeShort": "EXXVL.100115"
      },
      {
        "rulecode": "scoreComponents.EXXVL.100202",
        "score": "0.0",
        "confidence": "0.0",
        "originalScore": "0.01",
        "ruleCodeShort": "EXXVL.100202"
      },
      {
        "rulecode": "scoreComponents.EXXVL.100094",
        "score": "0.0",
        "confidence": "0.0",
        "originalScore": "0.0",
        "ruleCodeShort": "EXXVL.100094"
      },
      {
        "rulecode": "scoreComponents.EXXVL.100069",
        "score": "0.0",
        "confidence": "0.0",
        "originalScore": "1.0",
        "ruleCodeShort": "EXXVL.100069"
      },
      {
        "rulecode": "scoreComponents.EXXVL.100104",
        "score": "0.0",
        "confidence": "0.0",
        "originalScore": "0.0",
        "ruleCodeShort": "EXXVL.100104"
      },
      {
        "rulecode": "scoreComponents.EXXVL.100040",
        "score": "0.0",
        "confidence": "0.0",
        "originalScore": "1.0",
        "ruleCodeShort": "EXXVL.100040"
      },
      {
        "rulecode": "scoreComponents.EXXVL.100077",
        "score": "0.0",
        "confidence": "0.0",
        "originalScore": "0.0",
        "ruleCodeShort": "EXXVL.100077"
      },
      {
        "rulecode": "scoreComponents.EXXVL.100108",
        "score": "0.0",
        "confidence": "0.0",
        "originalScore": "0.0",
        "ruleCodeShort": "EXXVL.100108"
      },
      {
        "rulecode": "scoreComponents.EXXVL.100096",
        "score": "0.0",
        "confidence": "0.0",
        "originalScore": "0.0",
        "ruleCodeShort": "EXXVL.100096"
      },
      {
        "rulecode": "scoreComponents.EXXVL.100079",
        "score": "0.0",
        "confidence": "0.0",
        "originalScore": "0.0",
        "ruleCodeShort": "EXXVL.100079"
      },
      {
        "rulecode": "scoreComponents.EXXVL.100103",
        "score": "0.0",
        "confidence": "0.0",
        "originalScore": "0.0",
        "ruleCodeShort": "EXXVL.100103"
      },
      {
        "rulecode": "scoreComponents.EXXVL.100073",
        "score": "0.0",
        "confidence": "0.0",
        "originalScore": "0.0",
        "ruleCodeShort": "EXXVL.100073"
      },
      {
        "rulecode": "scoreComponents.EXXVL.100062",
        "score": "0.0",
        "confidence": "0.0",
        "originalScore": "0.0",
        "ruleCodeShort": "EXXVL.100062"
      },
      {
        "rulecode": "scoreComponents.EXXVL.100114",
        "score": "0.0",
        "confidence": "0.0",
        "originalScore": "0.0",
        "ruleCodeShort": "EXXVL.100114"
      },
      {
        "rulecode": "scoreComponents.EXXVL.100207",
        "score": "0.0",
        "confidence": "0.0",
        "originalScore": "0.01",
        "ruleCodeShort": "EXXVL.100207"
      },
      {
        "rulecode": "scoreComponents.EXXVL.100068",
        "score": "0.0",
        "confidence": "0.0",
        "originalScore": "0.0",
        "ruleCodeShort": "EXXVL.100068"
      },
      {
        "rulecode": "scoreComponents.EXXVL.100110",
        "score": "0.0",
        "confidence": "0.0",
        "originalScore": "1.0",
        "ruleCodeShort": "EXXVL.100110"
      },
      {
        "rulecode": "scoreComponents.EXXVL.100091",
        "score": "0.0",
        "confidence": "0.0",
        "originalScore": "0.0",
        "ruleCodeShort": "EXXVL.100091"
      },
      {
        "rulecode": "scoreComponents.EXXVL.100203",
        "score": "0.0",
        "confidence": "0.0",
        "originalScore": "0.01",
        "ruleCodeShort": "EXXVL.100203"
      },
      {
        "rulecode": "scoreComponents.EXXVL.100033",
        "score": "0.0",
        "confidence": "0.0",
        "originalScore": "0.0",
        "ruleCodeShort": "EXXVL.100033"
      },
      {
        "rulecode": "scoreComponents.EXXVL.100089",
        "score": "0.0",
        "confidence": "0.0",
        "originalScore": "0.0",
        "ruleCodeShort": "EXXVL.100089"
      },
      {
        "rulecode": "scoreComponents.EXXVL.100095",
        "score": "0.0",
        "confidence": "0.0",
        "originalScore": "0.0",
        "ruleCodeShort": "EXXVL.100095"
      },
      {
        "rulecode": "scoreComponents.EXXVL.100009",
        "score": "0.0",
        "confidence": "0.0",
        "originalScore": "0.0",
        "ruleCodeShort": "EXXVL.100009"
      },
      {
        "rulecode": "scoreComponents.EXXVL.100109",
        "score": "0.0",
        "confidence": "0.0",
        "originalScore": "0.0",
        "ruleCodeShort": "EXXVL.100109"
      },
      {
        "rulecode": "scoreComponents.EXXVL.100078",
        "score": "0.0",
        "confidence": "0.0",
        "originalScore": "0.0",
        "ruleCodeShort": "EXXVL.100078"
      },
      {
        "rulecode": "scoreComponents.EXXVL.100085",
        "score": "0.0",
        "confidence": "0.0",
        "originalScore": "0.0",
        "ruleCodeShort": "EXXVL.100085"
      },
      {
        "rulecode": "scoreComponents.EXXVL.100086",
        "score": "0.0",
        "confidence": "0.0",
        "originalScore": "0.0",
        "ruleCodeShort": "EXXVL.100086"
      },
      {
        "rulecode": "scoreComponents.EXXVL.100113",
        "score": "0.0",
        "confidence": "0.0",
        "originalScore": "1.0",
        "ruleCodeShort": "EXXVL.100113"
      },
      {
        "rulecode": "scoreComponents.EXXVL.100093",
        "score": "0.0",
        "confidence": "0.0",
        "originalScore": "0.0",
        "ruleCodeShort": "EXXVL.100093"
      },
      {
        "rulecode": "scoreComponents.EXXVL.100102",
        "score": "0.0",
        "confidence": "0.0",
        "originalScore": "0.0",
        "ruleCodeShort": "EXXVL.100102"
      },
      {
        "rulecode": "scoreComponents.EXXVL.100003",
        "score": "0.0",
        "confidence": "0.0",
        "originalScore": "0.0",
        "ruleCodeShort": "EXXVL.100003"
      },
      {
        "rulecode": "scoreComponents.EXXVL.100204",
        "score": "0.0",
        "confidence": "0.0",
        "originalScore": "0.01",
        "ruleCodeShort": "EXXVL.100204"
      },
      {
        "rulecode": "scoreComponents.EXXVL.100063",
        "score": "0.0",
        "confidence": "0.0",
        "originalScore": "0.0",
        "ruleCodeShort": "EXXVL.100063"
      },
      {
        "rulecode": "scoreComponents.EXXVL.100025",
        "score": "0.0",
        "confidence": "0.0",
        "originalScore": "0.0",
        "ruleCodeShort": "EXXVL.100025"
      },
      {
        "rulecode": "scoreComponents.EXXVL.100071",
        "score": "0.0",
        "confidence": "0.0",
        "originalScore": "0.0",
        "ruleCodeShort": "EXXVL.100071"
      },
      {
        "rulecode": "scoreComponents.EXXVL.100032",
        "score": "0.0",
        "confidence": "0.0",
        "originalScore": "0.0",
        "ruleCodeShort": "EXXVL.100032"
      },
      {
        "rulecode": "scoreComponents.EXXVL.100135",
        "score": "0.0",
        "confidence": "0.0",
        "originalScore": "1.0",
        "ruleCodeShort": "EXXVL.100135"
      },
      {
        "rulecode": "scoreComponents.EXXVL.100021",
        "score": "0.0",
        "confidence": "0.0",
        "originalScore": "1.0",
        "ruleCodeShort": "EXXVL.100021"
      },
      {
        "rulecode": "scoreComponents.EXXVL.100097",
        "score": "0.0",
        "confidence": "0.0",
        "originalScore": "0.0",
        "ruleCodeShort": "EXXVL.100097"
      },
      {
        "rulecode": "scoreComponents.EXXVL.100106",
        "score": "0.0",
        "confidence": "0.0",
        "originalScore": "0.0",
        "ruleCodeShort": "EXXVL.100106"
      },
      {
        "rulecode": "scoreComponents.EXXVL.100105",
        "score": "0.0",
        "confidence": "0.0",
        "originalScore": "0.0",
        "ruleCodeShort": "EXXVL.100105"
      },
      {
        "rulecode": "scoreComponents.EXXVL.100054",
        "score": "0.0",
        "confidence": "0.0",
        "originalScore": "0.0",
        "ruleCodeShort": "EXXVL.100054"
      },
      {
        "rulecode": "scoreComponents.EXXVL.100112",
        "score": "0.0",
        "confidence": "0.0",
        "originalScore": "0.0",
        "ruleCodeShort": "EXXVL.100112"
      },
      {
        "rulecode": "scoreComponents.EXXVL.100205",
        "score": "0.0",
        "confidence": "0.0",
        "originalScore": "0.01",
        "ruleCodeShort": "EXXVL.100205"
      },
      {
        "rulecode": "scoreComponents.EXXVL.100027",
        "score": "0.0",
        "confidence": "0.0",
        "originalScore": "0.0",
        "ruleCodeShort": "EXXVL.100027"
      },
      {
        "rulecode": "scoreComponents.EXXVL.100101",
        "score": "0.0",
        "confidence": "0.0",
        "originalScore": "1.0",
        "ruleCodeShort": "EXXVL.100101"
      },
      {
        "rulecode": "scoreComponents.EXXVL.100209",
        "score": "0.0",
        "confidence": "0.0",
        "originalScore": "0.01",
        "ruleCodeShort": "EXXVL.100209"
      },
      {
        "rulecode": "scoreComponents.EXXVL.100038",
        "score": "0.0",
        "confidence": "0.0",
        "originalScore": "0.0",
        "ruleCodeShort": "EXXVL.100038"
      },
      {
        "rulecode": "scoreComponents.EXXVL.100098",
        "score": "0.0",
        "confidence": "0.0",
        "originalScore": "0.0",
        "ruleCodeShort": "EXXVL.100098"
      },
      {
        "rulecode": "scoreComponents.EXXVL.100100",
        "score": "0.0",
        "confidence": "0.0",
        "originalScore": "1.0",
        "ruleCodeShort": "EXXVL.100100"
      },
      {
        "rulecode": "scoreComponents.EXXVL.100087",
        "score": "0.0",
        "confidence": "0.0",
        "originalScore": "0.0",
        "ruleCodeShort": "EXXVL.100087"
      },
      {
        "rulecode": "scoreComponents.EXXVL.100208",
        "score": "0.0",
        "confidence": "0.0",
        "originalScore": "0.01",
        "ruleCodeShort": "EXXVL.100208"
      },
      {
        "rulecode": "scoreComponents.EXXVL.100041",
        "score": "0.0",
        "confidence": "0.0",
        "originalScore": "0.0",
        "ruleCodeShort": "EXXVL.100041"
      },
      {
        "rulecode": "scoreComponents.EXXVL.100111",
        "score": "0.0",
        "confidence": "0.0",
        "originalScore": "0.0",
        "ruleCodeShort": "EXXVL.100111"
      },
      {
        "rulecode": "scoreComponents.EXXVL.100201",
        "score": "0.0",
        "confidence": "0.0",
        "originalScore": "0.01",
        "ruleCodeShort": "EXXVL.100201"
      },
      {
        "rulecode": "scoreComponents.EXXVL.100122",
        "score": "0.0",
        "confidence": "0.0",
        "originalScore": "0.0",
        "ruleCodeShort": "EXXVL.100122"
      },
      {
        "rulecode": "scoreComponents.IFAVL.100135",
        "score": "0.0",
        "confidence": "0.0",
        "originalScore": "1.0",
        "ruleCodeShort": "IFAVL.100135"
      },
      {
        "rulecode": "scoreComponents.IFAVL.100000",
        "score": "0.0",
        "confidence": "0.0",
        "originalScore": "0.0",
        "ruleCodeShort": "IFAVL.100000"
      },
      {
        "rulecode": "scoreComponents.GLOBAL.910004",
        "score": "0.0",
        "confidence": "0.0",
        "originalScore": "1.0",
        "ruleCodeShort": "GLOBAL.910004"
      },
      {
        "rulecode": "scoreComponents.GLOBAL.300042",
        "score": "0.0",
        "confidence": "0.0",
        "originalScore": "1.0",
        "ruleCodeShort": "GLOBAL.300042"
      },
      {
        "rulecode": "scoreComponents.GLOBAL.300087",
        "score": "0.0",
        "confidence": "0.0",
        "originalScore": "1.0",
        "ruleCodeShort": "GLOBAL.300087"
      },
      {
        "rulecode": "scoreComponents.GLOBAL.300037",
        "score": "0.0",
        "confidence": "0.0",
        "originalScore": "1.0",
        "ruleCodeShort": "GLOBAL.300037"
      },
      {
        "rulecode": "scoreComponents.GLOBAL.900074",
        "score": "0.0",
        "confidence": "0.0",
        "originalScore": "0.01",
        "ruleCodeShort": "GLOBAL.900074"
      },
      {
        "rulecode": "scoreComponents.GLOBAL.900010",
        "score": "0.0",
        "confidence": "0.0",
        "originalScore": "1.0",
        "ruleCodeShort": "GLOBAL.900010"
      },
      {
        "rulecode": "scoreComponents.GLOBAL.910077",
        "score": "0.0",
        "confidence": "0.0",
        "originalScore": "0.01",
        "ruleCodeShort": "GLOBAL.910077"
      },
      {
        "rulecode": "scoreComponents.GLOBAL.910083",
        "score": "0.0",
        "confidence": "0.0",
        "originalScore": "0.01",
        "ruleCodeShort": "GLOBAL.910083"
      },
      {
        "rulecode": "scoreComponents.GLOBAL.300043",
        "score": "0.0",
        "confidence": "0.0",
        "originalScore": "1.0",
        "ruleCodeShort": "GLOBAL.300043"
      },
      {
        "rulecode": "scoreComponents.GLOBAL.300062",
        "score": "0.0",
        "confidence": "0.0",
        "originalScore": "1.0",
        "ruleCodeShort": "GLOBAL.300062"
      },
      {
        "rulecode": "scoreComponents.GLOBAL.910044",
        "score": "0.0",
        "confidence": "0.0",
        "originalScore": "1.0",
        "ruleCodeShort": "GLOBAL.910044"
      },
      {
        "rulecode": "scoreComponents.GLOBAL.900075",
        "score": "0.0",
        "confidence": "0.0",
        "originalScore": "0.01",
        "ruleCodeShort": "GLOBAL.900075"
      },
      {
        "rulecode": "scoreComponents.GLOBAL.100143",
        "score": "-0.5",
        "confidence": "0.05",
        "originalScore": "1.0",
        "ruleCodeShort": "GLOBAL.100143"
      },
      {
        "rulecode": "scoreComponents.GLOBAL.300003",
        "score": "0.0",
        "confidence": "0.0",
        "originalScore": "0.0",
        "ruleCodeShort": "GLOBAL.300003"
      },
      {
        "rulecode": "scoreComponents.GLOBAL.300144",
        "score": "0.0",
        "confidence": "0.0",
        "originalScore": "1.0",
        "ruleCodeShort": "GLOBAL.300144"
      },
      {
        "rulecode": "scoreComponents.GLOBAL.910084",
        "score": "0.0",
        "confidence": "0.0",
        "originalScore": "0.01",
        "ruleCodeShort": "GLOBAL.910084"
      },
      {
        "rulecode": "scoreComponents.GLOBAL.900004",
        "score": "0.0",
        "confidence": "0.0",
        "originalScore": "1.0",
        "ruleCodeShort": "GLOBAL.900004"
      },
      {
        "rulecode": "scoreComponents.GLOBAL.910074",
        "score": "0.0",
        "confidence": "0.0",
        "originalScore": "0.01",
        "ruleCodeShort": "GLOBAL.910074"
      },
      {
        "rulecode": "scoreComponents.GLOBAL.910010",
        "score": "0.0",
        "confidence": "0.0",
        "originalScore": "1.0",
        "ruleCodeShort": "GLOBAL.910010"
      },
      {
        "rulecode": "scoreComponents.GLOBAL.300107",
        "score": "0.0",
        "confidence": "0.0",
        "originalScore": "1.0",
        "ruleCodeShort": "GLOBAL.300107"
      },
      {
        "rulecode": "scoreComponents.GLOBAL.900076",
        "score": "0.0",
        "confidence": "0.0",
        "originalScore": "0.01",
        "ruleCodeShort": "GLOBAL.900076"
      },
      {
        "rulecode": "scoreComponents.GLOBAL.300069",
        "score": "0.0",
        "confidence": "0.0",
        "originalScore": "0.0",
        "ruleCodeShort": "GLOBAL.300069"
      },
      {
        "rulecode": "scoreComponents.GLOBAL.300141",
        "score": "0.0",
        "confidence": "0.0",
        "originalScore": "1.0",
        "ruleCodeShort": "GLOBAL.300141"
      },
      {
        "rulecode": "scoreComponents.GLOBAL.300036",
        "score": "0.0",
        "confidence": "0.0",
        "originalScore": "1.0",
        "ruleCodeShort": "GLOBAL.300036"
      },
      {
        "rulecode": "scoreComponents.GLOBAL.910088",
        "score": "0.0",
        "confidence": "0.0",
        "originalScore": "1.0",
        "ruleCodeShort": "GLOBAL.910088"
      },
      {
        "rulecode": "scoreComponents.GLOBAL.300060",
        "score": "0.0",
        "confidence": "0.0",
        "originalScore": "1.0",
        "ruleCodeShort": "GLOBAL.300060"
      },
      {
        "rulecode": "scoreComponents.GLOBAL.900036",
        "score": "0.0",
        "confidence": "0.0",
        "originalScore": "1.0",
        "ruleCodeShort": "GLOBAL.900036"
      },
      {
        "rulecode": "scoreComponents.GLOBAL.900049",
        "score": "0.0",
        "confidence": "0.0",
        "originalScore": "1.0",
        "ruleCodeShort": "GLOBAL.900049"
      },
      {
        "rulecode": "scoreComponents.GLOBAL.900017",
        "score": "0.0",
        "confidence": "0.0",
        "originalScore": "1.0",
        "ruleCodeShort": "GLOBAL.900017"
      },
      {
        "rulecode": "scoreComponents.GLOBAL.300067",
        "score": "0.0",
        "confidence": "0.0",
        "originalScore": "1.0",
        "ruleCodeShort": "GLOBAL.300067"
      },
      {
        "rulecode": "scoreComponents.GLOBAL.910075",
        "score": "0.0",
        "confidence": "0.0",
        "originalScore": "0.01",
        "ruleCodeShort": "GLOBAL.910075"
      },
      {
        "rulecode": "scoreComponents.GLOBAL.910035",
        "score": "0.0",
        "confidence": "0.0",
        "originalScore": "1.0",
        "ruleCodeShort": "GLOBAL.910035"
      },
      {
        "rulecode": "scoreComponents.GLOBAL.900077",
        "score": "0.0",
        "confidence": "0.0",
        "originalScore": "0.01",
        "ruleCodeShort": "GLOBAL.900077"
      },
      {
        "rulecode": "scoreComponents.GLOBAL.300331",
        "score": "0.0",
        "confidence": "0.0",
        "originalScore": "1.0",
        "ruleCodeShort": "GLOBAL.300331"
      },
      {
        "rulecode": "scoreComponents.GLOBAL.910036",
        "score": "0.0",
        "confidence": "0.0",
        "originalScore": "1.0",
        "ruleCodeShort": "GLOBAL.910036"
      },
      {
        "rulecode": "scoreComponents.GLOBAL.910076",
        "score": "0.0",
        "confidence": "0.0",
        "originalScore": "0.01",
        "ruleCodeShort": "GLOBAL.910076"
      },
      {
        "rulecode": "scoreComponents.GLOBAL.900035",
        "score": "0.0",
        "confidence": "0.0",
        "originalScore": "1.0",
        "ruleCodeShort": "GLOBAL.900035"
      },
      {
        "rulecode": "scoreComponents.GLOBAL.900044",
        "score": "0.0",
        "confidence": "0.0",
        "originalScore": "1.0",
        "ruleCodeShort": "GLOBAL.900044"
      },
      {
        "rulecode": "scoreComponents.GLOBAL.910082",
        "score": "0.0",
        "confidence": "0.0",
        "originalScore": "0.01",
        "ruleCodeShort": "GLOBAL.910082"
      },
      {
        "rulecode": "scoreComponents.GLOBAL.910085",
        "score": "0.0",
        "confidence": "0.0",
        "originalScore": "0.01",
        "ruleCodeShort": "GLOBAL.910085"
      },
      {
        "rulecode": "scoreComponents.EXEVL.100135",
        "score": "0.0",
        "confidence": "0.0",
        "originalScore": "1.0",
        "ruleCodeShort": "EXEVL.100135"
      },
      {
        "rulecode": "scoreComponents.SMSVL.100005",
        "score": "0.0",
        "confidence": "0.0",
        "originalScore": "1.0",
        "ruleCodeShort": "SMSVL.100005"
      },
      {
        "rulecode": "scoreComponents.SMSVL.100006",
        "score": "0.0",
        "confidence": "0.0",
        "originalScore": "0.0",
        "ruleCodeShort": "SMSVL.100006"
      },
      {
        "rulecode": "scoreComponents.SMSVL.100024",
        "score": "0.0",
        "confidence": "0.0",
        "originalScore": "1.0",
        "ruleCodeShort": "SMSVL.100024"
      },
      {
        "rulecode": "scoreComponents.SMSVL.100013",
        "score": "0.0",
        "confidence": "0.0",
        "originalScore": "0.0",
        "ruleCodeShort": "SMSVL.100013"
      },
      {
        "rulecode": "scoreComponents.SMSVL.100055",
        "score": "0.0",
        "confidence": "0.0",
        "originalScore": "0.0",
        "ruleCodeShort": "SMSVL.100055"
      },
      {
        "rulecode": "scoreComponents.SMSVL.100035",
        "score": "0.0",
        "confidence": "0.0",
        "originalScore": "0.0",
        "ruleCodeShort": "SMSVL.100035"
      },
      {
        "rulecode": "scoreComponents.SMSVL.100050",
        "score": "0.0",
        "confidence": "0.0",
        "originalScore": "0.0",
        "ruleCodeShort": "SMSVL.100050"
      },
      {
        "rulecode": "scoreComponents.SMSVL.100045",
        "score": "0.0",
        "confidence": "0.0",
        "originalScore": "0.0",
        "ruleCodeShort": "SMSVL.100045"
      },
      {
        "rulecode": "scoreComponents.SMSVL.100046",
        "score": "0.0",
        "confidence": "0.0",
        "originalScore": "0.0",
        "ruleCodeShort": "SMSVL.100046"
      },
      {
        "rulecode": "scoreComponents.SMSVL.100039",
        "score": "0.0",
        "confidence": "0.0",
        "originalScore": "1.0",
        "ruleCodeShort": "SMSVL.100039"
      },
      {
        "rulecode": "scoreComponents.SMSVL.100034",
        "score": "0.0",
        "confidence": "0.0",
        "originalScore": "0.0",
        "ruleCodeShort": "SMSVL.100034"
      },
      {
        "rulecode": "scoreComponents.SMSVL.100012",
        "score": "0.0",
        "confidence": "0.0",
        "originalScore": "0.0",
        "ruleCodeShort": "SMSVL.100012"
      },
      {
        "rulecode": "scoreComponents.SMSVL.100017",
        "score": "0.0",
        "confidence": "0.0",
        "originalScore": "0.0",
        "ruleCodeShort": "SMSVL.100017"
      },
      {
        "rulecode": "scoreComponents.SMSVL.100040",
        "score": "0.0",
        "confidence": "0.0",
        "originalScore": "0.0",
        "ruleCodeShort": "SMSVL.100040"
      },
      {
        "rulecode": "scoreComponents.SMSVL.100058",
        "score": "0.0",
        "confidence": "0.0",
        "originalScore": "0.0",
        "ruleCodeShort": "SMSVL.100058"
      },
      {
        "rulecode": "scoreComponents.SMSVL.100008",
        "score": "0.0",
        "confidence": "0.0",
        "originalScore": "0.0",
        "ruleCodeShort": "SMSVL.100008"
      },
      {
        "rulecode": "scoreComponents.SMSVL.100051",
        "score": "0.0",
        "confidence": "0.0",
        "originalScore": "0.0",
        "ruleCodeShort": "SMSVL.100051"
      },
      {
        "rulecode": "scoreComponents.SMSVL.100036",
        "score": "0.0",
        "confidence": "0.0",
        "originalScore": "0.0",
        "ruleCodeShort": "SMSVL.100036"
      },
      {
        "rulecode": "scoreComponents.SMSVL.100047",
        "score": "0.0",
        "confidence": "0.0",
        "originalScore": "0.0",
        "ruleCodeShort": "SMSVL.100047"
      },
      {
        "rulecode": "scoreComponents.SMSVL.100057",
        "score": "0.0",
        "confidence": "0.0",
        "originalScore": "0.0",
        "ruleCodeShort": "SMSVL.100057"
      },
      {
        "rulecode": "scoreComponents.SMSVL.100011",
        "score": "0.0",
        "confidence": "0.0",
        "originalScore": "1.0",
        "ruleCodeShort": "SMSVL.100011"
      },
      {
        "rulecode": "scoreComponents.SMSVL.100056",
        "score": "0.0",
        "confidence": "0.0",
        "originalScore": "0.0",
        "ruleCodeShort": "SMSVL.100056"
      },
      {
        "rulecode": "scoreComponents.SMSVL.100033",
        "score": "0.0",
        "confidence": "0.0",
        "originalScore": "0.0",
        "ruleCodeShort": "SMSVL.100033"
      },
      {
        "rulecode": "scoreComponents.SMSVL.100044",
        "score": "0.0",
        "confidence": "0.0",
        "originalScore": "0.0",
        "ruleCodeShort": "SMSVL.100044"
      },
      {
        "rulecode": "scoreComponents.SMSVL.100022",
        "score": "0.0",
        "confidence": "0.0",
        "originalScore": "1.0",
        "ruleCodeShort": "SMSVL.100022"
      },
      {
        "rulecode": "scoreComponents.SMSVL.100009",
        "score": "0.0",
        "confidence": "0.0",
        "originalScore": "0.0",
        "ruleCodeShort": "SMSVL.100009"
      },
      {
        "rulecode": "scoreComponents.SMSVL.100026",
        "score": "0.0",
        "confidence": "0.0",
        "originalScore": "0.8696",
        "ruleCodeShort": "SMSVL.100026"
      },
      {
        "rulecode": "scoreComponents.SMSVL.100052",
        "score": "0.0",
        "confidence": "0.0",
        "originalScore": "0.0",
        "ruleCodeShort": "SMSVL.100052"
      },
      {
        "rulecode": "scoreComponents.SMSVL.100042",
        "score": "0.0",
        "confidence": "0.0",
        "originalScore": "0.0",
        "ruleCodeShort": "SMSVL.100042"
      },
      {
        "rulecode": "scoreComponents.SMSVL.100048",
        "score": "0.0",
        "confidence": "0.0",
        "originalScore": "0.0",
        "ruleCodeShort": "SMSVL.100048"
      },
      {
        "rulecode": "scoreComponents.SMSVL.100037",
        "score": "0.0",
        "confidence": "0.0",
        "originalScore": "0.0",
        "ruleCodeShort": "SMSVL.100037"
      },
      {
        "rulecode": "scoreComponents.SMSVL.100025",
        "score": "0.0",
        "confidence": "0.0",
        "originalScore": "1.0",
        "ruleCodeShort": "SMSVL.100025"
      },
      {
        "rulecode": "scoreComponents.SMSVL.100014",
        "score": "0.0",
        "confidence": "0.0",
        "originalScore": "0.0",
        "ruleCodeShort": "SMSVL.100014"
      },
      {
        "rulecode": "scoreComponents.SMSVL.100032",
        "score": "0.0",
        "confidence": "0.0",
        "originalScore": "0.0",
        "ruleCodeShort": "SMSVL.100032"
      },
      {
        "rulecode": "scoreComponents.SMSVL.100135",
        "score": "0.0",
        "confidence": "0.0",
        "originalScore": "1.0",
        "ruleCodeShort": "SMSVL.100135"
      },
      {
        "rulecode": "scoreComponents.SMSVL.100021",
        "score": "0.0",
        "confidence": "0.0",
        "originalScore": "0.0",
        "ruleCodeShort": "SMSVL.100021"
      },
      {
        "rulecode": "scoreComponents.SMSVL.100043",
        "score": "0.0",
        "confidence": "0.0",
        "originalScore": "1.0",
        "ruleCodeShort": "SMSVL.100043"
      },
      {
        "rulecode": "scoreComponents.SMSVL.100010",
        "score": "0.0",
        "confidence": "0.0",
        "originalScore": "0.0",
        "ruleCodeShort": "SMSVL.100010"
      },
      {
        "rulecode": "scoreComponents.SMSVL.100016",
        "score": "0.0",
        "confidence": "0.0",
        "originalScore": "0.0",
        "ruleCodeShort": "SMSVL.100016"
      },
      {
        "rulecode": "scoreComponents.SMSVL.100054",
        "score": "0.0",
        "confidence": "0.0",
        "originalScore": "0.0",
        "ruleCodeShort": "SMSVL.100054"
      },
      {
        "rulecode": "scoreComponents.SMSVL.100049",
        "score": "0.0",
        "confidence": "0.0",
        "originalScore": "0.0",
        "ruleCodeShort": "SMSVL.100049"
      },
      {
        "rulecode": "scoreComponents.SMSVL.100038",
        "score": "0.0",
        "confidence": "0.0",
        "originalScore": "0.0",
        "ruleCodeShort": "SMSVL.100038"
      },
      {
        "rulecode": "scoreComponents.SMSVL.100100",
        "score": "0.0",
        "confidence": "0.0",
        "originalScore": "1.0",
        "ruleCodeShort": "SMSVL.100100"
      },
      {
        "rulecode": "scoreComponents.SMSVL.100053",
        "score": "0.0",
        "confidence": "0.0",
        "originalScore": "0.0",
        "ruleCodeShort": "SMSVL.100053"
      },
      {
        "rulecode": "scoreComponents.SMSVL.100007",
        "score": "0.0",
        "confidence": "0.0",
        "originalScore": "0.0",
        "ruleCodeShort": "SMSVL.100007"
      },
      {
        "rulecode": "scoreComponents.SMSVL.100041",
        "score": "0.0",
        "confidence": "0.0",
        "originalScore": "0.0",
        "ruleCodeShort": "SMSVL.100041"
      },
      {
        "rulecode": "scoreComponents.SMSVL.100015",
        "score": "0.0",
        "confidence": "0.0",
        "originalScore": "0.0",
        "ruleCodeShort": "SMSVL.100015"
      },
      {
        "rulecode": "scoreComponents.FMVAL.300672",
        "score": "0.0",
        "confidence": "0.0",
        "originalScore": "0.0",
        "ruleCodeShort": "FMVAL.300672"
      },
      {
        "rulecode": "scoreComponents.FMVAL.300018",
        "score": "0.0",
        "confidence": "0.0",
        "originalScore": "1.0",
        "ruleCodeShort": "FMVAL.300018"
      },
      {
        "rulecode": "scoreComponents.FMVAL.300667",
        "score": "0.0",
        "confidence": "0.0",
        "originalScore": "46.0",
        "ruleCodeShort": "FMVAL.300667"
      },
      {
        "rulecode": "scoreComponents.FMVAL.400003",
        "score": "0.0",
        "confidence": "0.0",
        "originalScore": "0.0",
        "ruleCodeShort": "FMVAL.400003"
      },
      {
        "rulecode": "scoreComponents.FMVAL.300068",
        "score": "0.0",
        "confidence": "0.0",
        "originalScore": "0.0",
        "ruleCodeShort": "FMVAL.300068"
      },
      {
        "rulecode": "scoreComponents.FMVAL.900012",
        "score": "0.0",
        "confidence": "0.0",
        "originalScore": "0.0",
        "ruleCodeShort": "FMVAL.900012"
      },
      {
        "rulecode": "scoreComponents.FMVAL.900019",
        "score": "0.0",
        "confidence": "0.0",
        "originalScore": "0.0",
        "ruleCodeShort": "FMVAL.900019"
      },
      {
        "rulecode": "scoreComponents.FMVAL.300021",
        "score": "0.0",
        "confidence": "0.0",
        "originalScore": "1.0",
        "ruleCodeShort": "FMVAL.300021"
      },
      {
        "rulecode": "scoreComponents.FMVAL.300673",
        "score": "0.0",
        "confidence": "0.0",
        "originalScore": "1.0",
        "ruleCodeShort": "FMVAL.300673"
      },
      {
        "rulecode": "scoreComponents.FMVAL.900011",
        "score": "0.0",
        "confidence": "0.0",
        "originalScore": "1.0",
        "ruleCodeShort": "FMVAL.900011"
      },
      {
        "rulecode": "scoreComponents.FMVAL.100150",
        "score": "0.0",
        "confidence": "0.0",
        "originalScore": "0.0",
        "ruleCodeShort": "FMVAL.100150"
      },
      {
        "rulecode": "scoreComponents.FMVAL.300670",
        "score": "0.0",
        "confidence": "0.0",
        "originalScore": "0.0",
        "ruleCodeShort": "FMVAL.300670"
      },
      {
        "rulecode": "scoreComponents.FMVAL.300069",
        "score": "0.0",
        "confidence": "0.0",
        "originalScore": "0.0",
        "ruleCodeShort": "FMVAL.300069"
      },
      {
        "rulecode": "scoreComponents.FMVAL.300666",
        "score": "0.0",
        "confidence": "0.0",
        "originalScore": "46.0",
        "ruleCodeShort": "FMVAL.300666"
      },
      {
        "rulecode": "scoreComponents.FMVAL.100140",
        "score": "0.0",
        "confidence": "0.0",
        "originalScore": "0.0",
        "ruleCodeShort": "FMVAL.100140"
      },
      {
        "rulecode": "scoreComponents.FMVAL.900017",
        "score": "0.0",
        "confidence": "0.0",
        "originalScore": "0.0",
        "ruleCodeShort": "FMVAL.900017"
      },
      {
        "rulecode": "scoreComponents.FMVAL.100135",
        "score": "0.0",
        "confidence": "0.0",
        "originalScore": "1.0",
        "ruleCodeShort": "FMVAL.100135"
      },
      {
        "rulecode": "scoreComponents.FMVAL.300022",
        "score": "0.0",
        "confidence": "0.0",
        "originalScore": "1.0",
        "ruleCodeShort": "FMVAL.300022"
      },
      {
        "rulecode": "scoreComponents.FMVAL.300067",
        "score": "0.0",
        "confidence": "0.0",
        "originalScore": "0.0",
        "ruleCodeShort": "FMVAL.300067"
      },
      {
        "rulecode": "scoreComponents.FMVAL.500112",
        "score": "0.0",
        "confidence": "0.0",
        "originalScore": "0.0",
        "ruleCodeShort": "FMVAL.500112"
      },
      {
        "rulecode": "scoreComponents.FMVAL.300017",
        "score": "0.0",
        "confidence": "0.0",
        "originalScore": "1.0",
        "ruleCodeShort": "FMVAL.300017"
      },
      {
        "rulecode": "scoreComponents.FMVAL.900016",
        "score": "0.0",
        "confidence": "0.0",
        "originalScore": "0.0",
        "ruleCodeShort": "FMVAL.900016"
      },
      {
        "rulecode": "scoreComponents.FMVAL.300668",
        "score": "0.0",
        "confidence": "0.0",
        "originalScore": "46.0",
        "ruleCodeShort": "FMVAL.300668"
      },
      {
        "rulecode": "scoreComponents.FMVAL.100144",
        "score": "0.0",
        "confidence": "0.0",
        "originalScore": "0.0",
        "ruleCodeShort": "FMVAL.100144"
      },
      {
        "rulecode": "scoreComponents.FMVAL.300671",
        "score": "0.0",
        "confidence": "0.0",
        "originalScore": "0.0",
        "ruleCodeShort": "FMVAL.300671"
      },
      {
        "rulecode": "scoreComponents.FMVAL.300669",
        "score": "0.0",
        "confidence": "0.0",
        "originalScore": "0.0",
        "ruleCodeShort": "FMVAL.300669"
      },
      {
        "rulecode": "entityResolution.FMvNS.name",
        "score": "0.0",
        "confidence": "0.0",
        "originalScore": "1.0",
        "ruleCodeShort": "FMvNS.name"
      },
      {
        "rulecode": "entityResolution.FMvNS.address",
        "score": "0.0",
        "confidence": "0.0",
        "originalScore": "0.7681",
        "ruleCodeShort": "FMvNS.address"
      }
    ],
    "raw_score": 4.5,
    "version_applied": "3",
    "fraud_score_info": {
      "primary": {
        "score": 0.6074806107070939,
        "originalScore": 0.6074806107070939,
        "quantile": null,
        "model": {
          "id": 78,
          "name": "Fraud Generic Model (US)",
          "url": "https://socure-prediction-stage.socure.com/predictors/predict/gen_us_30_20171129_adjust_gbm_v1",
          "identifier": "gen_us_30_20171129_adjust_gbm_v1",
          "version": "3.0",
          "created_date": 1540771200000,
          "last_updated_date": 1627960102000
        },
        "params": null,
        "response": {
          "data": {
            "class0": 0.3925193892929061,
            "class1": 0.6074806107070939,
            "predictorType": "binomial"
          },
          "status": "ok"
        }
      },
      "custom": {}
    },
    "instance_id": "i-09864a1c5253c080b",
    "caches_used": [],
    "categorical_values": [
      {
        "rulecode": "DEVAL.100055",
        "value": "99"
      },
      {
        "rulecode": "DEVAL.100009",
        "value": "0"
      },
      {
        "rulecode": "DEVAL.100034",
        "value": "wired"
      },
      {
        "rulecode": "DEVAL.100022",
        "value": "0"
      },
      {
        "rulecode": "DEVAL.100059",
        "value": "99"
      },
      {
        "rulecode": "DEVAL.100061",
        "value": "**"
      },
      {
        "rulecode": "DEVAL.100054",
        "value": "999"
      },
      {
        "rulecode": "DEVAL.100006",
        "value": "0"
      },
      {
        "rulecode": "DEVAL.100021",
        "value": "0"
      },
      {
        "rulecode": "DEVAL.100025",
        "value": "internet assigned numbers authority"
      },
      {
        "rulecode": "DEVAL.100056",
        "value": "99"
      },
      {
        "rulecode": "DEVAL.100045",
        "value": "1"
      },
      {
        "rulecode": "DEVAL.100046",
        "value": "5377"
      },
      {
        "rulecode": "DEVAL.100024",
        "value": "0"
      },
      {
        "rulecode": "DEVAL.100030",
        "value": "***"
      },
      {
        "rulecode": "DEVAL.100035",
        "value": "-1"
      },
      {
        "rulecode": "DEVAL.100053",
        "value": "***"
      },
      {
        "rulecode": "DEVAL.100032",
        "value": "n"
      },
      {
        "rulecode": "DEVAL.100033",
        "value": "broadband"
      },
      {
        "rulecode": "DEVAL.100050",
        "value": "3403"
      },
      {
        "rulecode": "DEVAL.100008",
        "value": "internet assigned numbers authority"
      },
      {
        "rulecode": "DEVAL.100060",
        "value": "5383"
      },
      {
        "rulecode": "DEVAL.100019",
        "value": "518210"
      },
      {
        "rulecode": "DEVAL.100051",
        "value": "99"
      },
      {
        "rulecode": "DEVAL.100052",
        "value": "0"
      },
      {
        "rulecode": "WPVAL.300016",
        "value": "Multi unit"
      },
      {
        "rulecode": "WPVAL.300002",
        "value": "false"
      },
      {
        "rulecode": "WPVAL.300051",
        "value": "false"
      },
      {
        "rulecode": "WPVAL.300053",
        "value": "FALSE"
      },
      {
        "rulecode": "WPVAL.300001",
        "value": ""
      },
      {
        "rulecode": "WPVAL.300018",
        "value": "true"
      },
      {
        "rulecode": "WPVAL.300067",
        "value": "true"
      },
      {
        "rulecode": "WPVAL.300017",
        "value": "true"
      },
      {
        "rulecode": "WPVAL.300057",
        "value": "Cable/DSL"
      },
      {
        "rulecode": "WPVAL.300015",
        "value": "No match"
      },
      {
        "rulecode": "WPVAL.300014",
        "value": "Missing unit/apt/suite number"
      },
      {
        "rulecode": "WPVAL.300093",
        "value": "No Match"
      },
      {
        "rulecode": "EXVAL.200003",
        "value": "ny"
      },
      {
        "rulecode": "EXVAL.200001",
        "value": "8528 118th st"
      },
      {
        "rulecode": "EXVAL.200002",
        "value": "kew gardens"
      },
      {
        "rulecode": "EXVAL.200004",
        "value": "11415"
      },
      {
        "rulecode": "EXVAL.200005",
        "value": "2900"
      },
      {
        "rulecode": "EXVAL.200007",
        "value": "-73.83254"
      },
      {
        "rulecode": "EXVAL.200006",
        "value": "40.70175"
      },
      {
        "rulecode": "NSVAL.300003",
        "value": "D"
      },
      {
        "rulecode": "NSVAL.300031",
        "value": "0"
      },
      {
        "rulecode": "NSVAL.300016",
        "value": ""
      },
      {
        "rulecode": "NSVAL.300027",
        "value": ""
      },
      {
        "rulecode": "NSVAL.300024",
        "value": "U"
      },
      {
        "rulecode": "NSVAL.300011",
        "value": ""
      },
      {
        "rulecode": "NSVAL.300008",
        "value": "N"
      },
      {
        "rulecode": "NSVAL.300029",
        "value": ""
      },
      {
        "rulecode": "NSVAL.300013",
        "value": ""
      },
      {
        "rulecode": "NSVAL.300023",
        "value": ""
      },
      {
        "rulecode": "NSVAL.300030",
        "value": ""
      },
      {
        "rulecode": "NSVAL.300039",
        "value": "U"
      },
      {
        "rulecode": "NSVAL.300034",
        "value": "C"
      },
      {
        "rulecode": "NSVAL.300028",
        "value": ""
      },
      {
        "rulecode": "NSVAL.300007",
        "value": "N"
      },
      {
        "rulecode": "NSVAL.300025",
        "value": ""
      },
      {
        "rulecode": "NSVAL.300004",
        "value": "H"
      },
      {
        "rulecode": "NSVAL.300014",
        "value": ""
      },
      {
        "rulecode": "NSVAL.300022",
        "value": ""
      },
      {
        "rulecode": "NSVAL.300015",
        "value": ""
      },
      {
        "rulecode": "NSVAL.300006",
        "value": "N"
      },
      {
        "rulecode": "NSVAL.300005",
        "value": "R"
      },
      {
        "rulecode": "GLOBAL.300085",
        "value": "R"
      },
      {
        "rulecode": "GLOBAL.300138",
        "value": "Afternoon"
      },
      {
        "rulecode": "GLOBAL.300137",
        "value": "13"
      },
      {
        "rulecode": "GLOBAL.300187",
        "value": "U"
      },
      {
        "rulecode": "GLOBAL.300136",
        "value": "America/New_York"
      },
      {
        "rulecode": "GLOBAL.300064",
        "value": "H"
      },
      {
        "rulecode": "SMSVL.100001",
        "value": "Y"
      },
      {
        "rulecode": "SMSVL.100003",
        "value": "N"
      },
      {
        "rulecode": "SMSVL.100019",
        "value": "H"
      },
      {
        "rulecode": "SMSVL.100002",
        "value": "N"
      },
      {
        "rulecode": "SMSVL.100020",
        "value": "Standard"
      },
      {
        "rulecode": "SMSVL.100004",
        "value": "D"
      },
      {
        "rulecode": "SMSVL.100018",
        "value": "Residential"
      },
      {
        "rulecode": "SMSVL.100027",
        "value": "Zip9"
      },
      {
        "rulecode": "SMSVL.100023",
        "value": "C"
      },
      {
        "rulecode": "SMSVL.100028",
        "value": "Y"
      },
      {
        "rulecode": "FMVAL.900026",
        "value": "-73.83254"
      },
      {
        "rulecode": "FMVAL.900024",
        "value": "2900"
      },
      {
        "rulecode": "FMVAL.900021",
        "value": "kew gardens"
      },
      {
        "rulecode": "FMVAL.100100",
        "value": "NY"
      },
      {
        "rulecode": "FMVAL.400006",
        "value": "2021-12-29 18:58:50"
      },
      {
        "rulecode": "FMVAL.900022",
        "value": "ny"
      },
      {
        "rulecode": "FMVAL.900025",
        "value": "40.70175"
      },
      {
        "rulecode": "FMVAL.900023",
        "value": "11415"
      },
      {
        "rulecode": "FMVAL.900010",
        "value": "Wed"
      },
      {
        "rulecode": "FMVAL.900018",
        "value": "8528 118th"
      },
      {
        "rulecode": "FMVAL.900020",
        "value": "8528 118th st"
      }
    ],
    "query_plan": {
      "vendors": [
        "COVAL",
        "IFVAL",
        "EXSVL",
        "FMVAL",
        "EXPVL",
        "WPVAL",
        "VEIVL",
        "FVANL",
        "RKVAL",
        "NSVAL",
        "EXXVL",
        "EXAVL",
        "HDVAL",
        "MLAVL",
        "SMSVL",
        "EXVAL",
        "EXEVL",
        "DEVAL",
        "FCVAL",
        "IFAVL"
      ],
      "id_plus_models": {
        "fraud_models": {
          "primary": {
            "id": 78,
            "name": "Fraud Generic Model (US)",
            "url": "https://socure-prediction-stage.socure.com/predictors/predict/gen_us_30_20171129_adjust_gbm_v1",
            "identifier": "gen_us_30_20171129_adjust_gbm_v1",
            "version": "3.0",
            "created_date": 1540771200000,
            "last_updated_date": 1627960102000
          },
          "secondary": []
        },
        "correlation_models": {},
        "risk_models": {}
      },
      "id_plus_features": {
        "requested_features": [
          "FraudScore",
          "ModuleDecisioning",
          "KYC"
        ],
        "resolved_features": [
          "FraudScore",
          "ModuleDecisioning",
          "KYC"
        ],
        "outputted_features": [
          "FraudScore",
          "ModuleDecisioning",
          "KYC"
        ]
      },
      "scheduler_timeout": {
        "length": 5000,
        "unit": "MILLISECONDS"
      },
      "vendor_timeouts": {
        "IFVAL": {
          "length": 4000,
          "unit": "MILLISECONDS"
        },
        "EXSVL": {
          "length": 4000,
          "unit": "MILLISECONDS"
        },
        "FMVAL": {
          "length": 5000,
          "unit": "MILLISECONDS"
        },
        "EXPVL": {
          "length": 4000,
          "unit": "MILLISECONDS"
        },
        "WPVAL": {
          "length": 5000,
          "unit": "MILLISECONDS"
        },
        "VEIVL": {
          "length": 1000,
          "unit": "MILLISECONDS"
        },
        "FVANL": {
          "length": 5000,
          "unit": "MILLISECONDS"
        },
        "NSVAL": {
          "length": 5000,
          "unit": "MILLISECONDS"
        },
        "EXXVL": {
          "length": 4000,
          "unit": "MILLISECONDS"
        },
        "EXAVL": {
          "length": 4000,
          "unit": "MILLISECONDS"
        },
        "HDVAL": {
          "length": 4000,
          "unit": "MILLISECONDS"
        },
        "MLAVL": {
          "length": 4000,
          "unit": "MILLISECONDS"
        },
        "SMSVL": {
          "length": 1000,
          "unit": "MILLISECONDS"
        },
        "EXVAL": {
          "length": 4000,
          "unit": "MILLISECONDS"
        },
        "EXEVL": {
          "length": 4000,
          "unit": "MILLISECONDS"
        },
        "DEVAL": {
          "length": 1000,
          "unit": "MILLISECONDS"
        },
        "FCVAL": {
          "length": 5000,
          "unit": "MILLISECONDS"
        },
        "IFAVL": {
          "length": 4000,
          "unit": "MILLISECONDS"
        }
      }
    },
    "http_status": 200,
    "reason_codes": [
      "R610",
      "R903",
      "I707",
      "R919",
      "I713",
      "R922",
      "I711",
      "R705",
      "I920",
      "I904",
      "I704",
      "R957",
      "R639",
      "R902"
    ],
    "kyc_preference": {
      "exactDob": true,
      "dobMatchLogic": "exact_yyyy_mm_dd",
      "ssnExactMatch": true
    },
    "roles": [
      "Document Verification for Call Center Support",
      "Auth Score",
      "Enable QR code for Document Verification (Only for Testing)",
      "MLA",
      "Email Risk Score",
      "Social Media",
      "Allow Name and Phone Risk Correlation Association",
      "Fraud Score",
      "Device Fingerprint",
      "Prefill ssnFirst5",
      "MLA Sandbox",
      "Alertlist Runner against Consortium dataset",
      "KYC3 Vendor",
      "Use WebGL Capture in WebSDK",
      "KYC",
      "Alert List",
      "ID+ 3.0",
      "Debug",
      "WATCHLIST_3_0",
      "Triggers name vs email, phone, and address correlation scores",
      "Phone Risk Score",
      "Module Decisioning",
      "Address Risk Score",
      "Ecbsv Production",
      "Blacklist Pool Match",
      "Ecbsv Sandbox",
      "SYNTHETIC",
      "MLA Production",
      "Uncontrolled Capture",
      "Device Risk",
      "Ecbsv Certification",
      "MLA Certification",
      "Document Verification",
      "Allow legacy email risk and correlation associations",
      "CIP Decision",
      "Alertlist Runner against Bancorp dataset",
      "Ecbsv",
      "Noop module for DS"
    ],
    "consent_reason": "OpenBankAccount",
    "allowed_domains": [
      "0.0.0.0/0"
    ],
    "mla_fields": {
      "memberNumber": "7347484",
      "securityCode": "dummy"
    },
    "excid": []
  }
}

}