{
  "transaction_id": "0012487f-f7f9-4fd4-8f1f-4b2a9f18bd59",
  "account_id": 7425,
  "transaction_date": "2021-08-20T20:09:07.805Z",
  "environment_id": 1,
  "run_id": null,
  "api_type": 2,
  "api_version": 30,
  "model_name": "CorrNameAddressUS.V9",
  "model_version": "9",
  "model_identifier": "CorrNameAddress_DRF_SMS_EXA_fuzzymatch_20200804",
  "model_association_type": "Primary",
  "model_type": "cs_name_address",
  "original_score": 0.08499560713768006,
  "quantile_score": null,
  "output_score": 0.08499560713768006,
  "model_id": 346,
  "country": "US"
}
{
"transaction_id": "0012487f-f7f9-4fd4-8f1f-4b2a9f18bd59",
"account_id": 7425,
"transaction_date" : "2021-08-20T20:09:07.805Z",
"environment_id": 1,
"run_id": null,
"api_type": 2,
"api_version": 30,
"model_name" : "kish_fraud_3",
"model_version": "33.0",
"model_identifier": "Fraud_SigmaAll_XGB_DE_EX_FC_FM_PF_SM_TD_20200816",
"model_association_type": "Primary",
"model_type": "fraud_us",
"original_score" : 0.8349236249923706,
"quantile_score": null,
"output_score": 0.8349236249923706,
"model_id": 298,
"country": "US"
}
{
"transaction_id": "0012487f-f7f9-4fd4-8f1f-4b2a9f18bd59",
"account_id": 7425,
"transaction_date" : "2021-08-20T20:09:07.805Z",
"environment_id": 1,
"run_id": null,
"api_type": 2,
"api_version": 30,
"model_name" : "CorrNamePhoneUS.V6",
"model_version": "6",
"model_identifier": "CorrNamePhone_DRF_PF_EXP_fuzzymatch_20200804",
"model_association_type": "Primary",
"model_type": "cs_name_phone",
"original_score" : 0.3442648126588028,
"quantile_score": null,
"output_score": 0.3442648126588028,
"model_id": 345,
"country": "US"
}
{
"transaction_id": "0012487f-f7f9-4fd4-8f1f-4b2a9f18bd59",
"account_id": 7425,
"transaction_date" : "2021-08-20T20:09:07.805Z",
"environment_id": 1,
"run_id": null,
"api_type": 2,
"api_version": 30,
"model_name" : "RiskPhoneUS.V5.1__Norm.V1",
"model_version": "5.1",
"model_identifier": "RiskPhone_XGB_DE_EX_FM_PF_20201112",
"model_association_type": "Primary",
"model_type": "pii_risk_phone",
"original_score" : 0.9879578948020935,
"quantile_score": 0.989,
"output_score": 0.989,
"model_id": 351,
"country": "US"
}
{
"transaction_id": "0012487f-f7f9-4fd4-8f1f-4b2a9f18bd59",
"account_id": 7425,
"transaction_date" : "2021-08-20T20:09:07.805Z",
"environment_id": 1,
"run_id": null,
"api_type": 2,
"api_version": 30,
"model_name" : "CorrNameEmailUS.V6.2",
"model_version": "6.2",
"model_identifier": "CorrNameEmail_XGB_FC_TD_EX_SS_FM_fuzzymatch_20201216",
"model_association_type": "Primary",
"model_type": "cs_name_email",
"original_score" : 2.1039019338786602E-4,
"quantile_score": null,
"output_score": 2.1039019338786602E-4,
"model_id": 344,
"country": "US"
}
{
"transaction_id": "0012487f-f7f9-4fd4-8f1f-4b2a9f18bd59",
"account_id": 7425,
"transaction_date" : "2021-08-20T20:09:07.805Z",
"environment_id": 1,
"run_id": null,
"api_type": 2,
"api_version": 30,
"model_name" : "RiskEmailUS.V7.1__Norm.V1",
"model_version": "7.1",
"model_identifier": "RiskEmail_XGB_DE_EX_FC_FM_TD_20201106",
"model_association_type": "Primary",
"model_type": "pii_risk_email",
"original_score" : 0.8190239071846008,
"quantile_score": 0.839,
"output_score": 0.839,
"model_id": 350,
"country": "US"
}
{
"transaction_id": "0012487f-f7f9-4fd4-8f1f-4b2a9f18bd59",
"account_id": 7425,
"transaction_date" : "2021-08-20T20:09:07.805Z",
"environment_id": 1,
"run_id": null,
"api_type": 2,
"api_version": 30,
"model_name" : "RiskAddressUS.V6.1__Norm.V1",
"model_version": "6.1",
"model_identifier": "RiskAddress_XGB_DE_EX_FM_SM_20201109",
"model_association_type": "Primary",
"model_type": "pii_risk_address",
"original_score" : 0.9966435432434082,
"quantile_score": 0.999,
"output_score": 0.999,
"model_id": 352,
"country": "US"
}
{
"transaction_id": "0012487f-f7f9-4fd4-8f1f-4b2a9f18bd59",
"account_id": 7425,
"transaction_date" : "2021-08-20T20:09:07.805Z",
"environment_id": 1,
"run_id": null,
"api_type": 2,
"api_version": 30,
"model_name" : "synth_non_qwe",
"model_version": "25.0",
"model_identifier": "Fraud_SigmaAll_XGB_DE_EX_FC_FM_PF_SM_TD_20200816",
"model_association_type": "Sigma",
"model_type": "synthetic",
"original_score" : 0.8349236249923706,
"quantile_score": null,
"output_score": 0.8349236249923706,
"model_id": 302,
"country": "US"
}
{
"transaction_id": "5feadce9-f647-4fb0-b2dc-ec45c9ab5f16",
"account_id": 2277,
"transaction_date" : "2020-11-05T22:41:03.000Z",
"environment_id": 1,
"run_id": null,
"api_type": 2,
"api_version": 30,
"model_name" : "Sigma.AllSigma.Norm",
"model_version": "1.0",
"model_identifier": "gbm_allSigma",
"model_association_type": "Primary",
"model_type": "fraud_us",
"original_score" : 0.9062858485334476,
"quantile_score": null,
"output_score": 0.9062858485334476,
"model_id": 127,
"country": "US"
}
{
"transaction_id": "d4753283-4f4a-496a-8990-b725d048a47f",
"account_id": 814,
"transaction_date" : "2021-11-03T20:22:29.039Z",
"environment_id": 1,
"run_id": null,
"api_type": 2,
"api_version": 30,
"model_name" : "Fraud Generic Model (US)",
"model_version": "3.0",
"model_identifier": "gen_us_30_20171129_adjust_gbm_v1",
"model_association_type": "Sigma",
"model_type": "fraud_us",
"original_score" : 0.020117118935630212,
"quantile_score": null,
"output_score": 0.020117118935630212,
"model_id": 78,
"country": "US"
}
{
"transaction_id": "d4753283-4f4a-496a-8990-b725d048a47f",
"account_id": 814,
"transaction_date" : "2021-11-03T20:22:29.039Z",
"environment_id": 1,
"run_id": null,
"api_type": 2,
"api_version": 30,
"model_name" : "Correlation Model - Name vs Phone (US)",
"model_version": "5.0",
"model_identifier": "name_phone_30_corr_fuzzymatch_model_5",
"model_association_type": "Primary",
"model_type": "cs_name_phone",
"original_score" : 0.0015383555572385022,
"quantile_score": null,
"output_score": 0.0015383555572385022,
"model_id": -1,
"country": "US"
}
{
"transaction_id": "d4753283-4f4a-496a-8990-b725d048a47f",
"account_id": 814,
"transaction_date" : "2021-11-03T20:22:29.000Z",
"environment_id": 1,
"run_id": null,
"api_type": 2,
"api_version": 30,
"model_name" : "Fraud Generic Model (US)",
"model_version": "3.0",
"model_identifier": "gen_us_30_20171129_adjust_gbm_v1",
"model_association_type": "Sigma",
"model_type": "fraud_us",
"original_score" : 0.020117118935630212,
"quantile_score": null,
"output_score": 0.020117118935630212,
"model_id": 78,
"country": "US"
}
{
"transaction_id": "d4753283-4f4a-496a-8990-b725d048a47f",
"account_id": 814,
"transaction_date" : "2021-11-03T20:22:29.000Z",
"environment_id": 1,
"run_id": null,
"api_type": 2,
"api_version": 30,
"model_name" : "Correlation Model - Name vs Phone (US)",
"model_version": "5.0",
"model_identifier": "name_phone_30_corr_fuzzymatch_model_5",
"model_association_type": "Primary",
"model_type": "cs_name_phone",
"original_score" : 0.0015383555572385022,
"quantile_score": null,
"output_score": 0.0015383555572385022,
"model_id": -1,
"country": "US"
}
{
"transaction_id": "d4753283-4f4a-496a-8990-b725d048a47f",
"account_id": 814,
"transaction_date" : "2021-11-03T20:22:29.000Z",
"environment_id": 1,
"run_id": null,
"api_type": 2,
"api_version": 30,
"model_name" : "Fraud Generic Model (US)",
"model_version": "3.0",
"model_identifier": "gen_us_30_20171129_adjust_gbm_v1",
"model_association_type": "Sigma",
"model_type": "fraud_us",
"original_score" : 0.020117118935630212,
"quantile_score": null,
"output_score": 0.020117118935630212,
"model_id": 78,
"country": "US"
}
{
"transaction_id": "d4753283-4f4a-496a-8990-b725d048a47f",
"account_id": 814,
"transaction_date" : "2021-11-03T20:22:29.000Z",
"environment_id": 1,
"run_id": null,
"api_type": 2,
"api_version": 30,
"model_name" : "Correlation Model - Name vs Phone (US)",
"model_version": "5.0",
"model_identifier": "name_phone_30_corr_fuzzymatch_model_5",
"model_association_type": "Primary",
"model_type": "cs_name_phone",
"original_score" : 0.0015383555572385022,
"quantile_score": null,
"output_score": 0.0015383555572385022,
"model_id": -1,
"country": "US"
}